{"type":"FeatureCollection","name":"SECCIONES_MUNICIPIO_41_VICTORIA","crs":{"type":"name","properties":{"name":"urn:ogc:def:crs:OGC:1.3:CRS84"}},"features":[{"type":"Feature","id":1600,"properties":{"id":2181,"entidad":28,"distrito_f":5,"distrito_l":14,"municipio":41,"seccion":1600,"tipo":2,"control":1390},"geometry":{"type":"Polygon","coordinates":[[[-99.167052,23.747367],[-99.167088,23.747759],[-99.16709,23.747783],[-99.167125,23.748169],[-99.165889,23.748274],[-99.165895,23.748569],[-99.165502,23.748586],[-99.165347,23.748593],[-99.165058,23.748613],[-99.164872,23.748618],[-99.16475,23.749103],[-99.164658,23.749509],[-99.164534,23.750041],[-99.164525,23.75007],[-99.16456,23.750085],[-99.164761,23.750183],[-99.164874,23.750223],[-99.16496,23.751143],[-99.164963,23.751177],[-99.164932,23.75118],[-99.164033,23.751241],[-99.163591,23.75128],[-99.16264,23.751358],[-99.162655,23.75141],[-99.162762,23.751773],[-99.162869,23.752136],[-99.162912,23.752282],[-99.163118,23.752841],[-99.161574,23.753031],[-99.160565,23.753131],[-99.160545,23.753131],[-99.160486,23.752247],[-99.160473,23.752073],[-99.160436,23.75156],[-99.160363,23.750558],[-99.160281,23.749386],[-99.16016,23.747661],[-99.160017,23.745784],[-99.159993,23.745468],[-99.159969,23.745152],[-99.159941,23.744789],[-99.159934,23.744705],[-99.159932,23.744675],[-99.159926,23.744602],[-99.159892,23.744156],[-99.15986,23.743744],[-99.16003,23.74378],[-99.161333,23.743897],[-99.16242,23.743992],[-99.162627,23.74401],[-99.163178,23.744013],[-99.163307,23.744124],[-99.164167,23.744118],[-99.164281,23.744117],[-99.164409,23.743531],[-99.164432,23.742964],[-99.164403,23.742393],[-99.164356,23.741778],[-99.165338,23.741728],[-99.165974,23.741682],[-99.166355,23.741622],[-99.166404,23.741619],[-99.166461,23.741855],[-99.166548,23.742216],[-99.166659,23.742857],[-99.166692,23.743239],[-99.166728,23.743656],[-99.166763,23.744067],[-99.1668,23.74449],[-99.166834,23.744881],[-99.16687,23.745296],[-99.166905,23.745699],[-99.16694,23.746105],[-99.166978,23.746536],[-99.167015,23.746946],[-99.167052,23.747367]]]}},{"type":"Feature","id":1602,"properties":{"id":1098,"entidad":28,"distrito_f":5,"distrito_l":15,"municipio":41,"seccion":1602,"tipo":2,"control":1387},"geometry":{"type":"Polygon","coordinates":[[[-99.163307,23.744124],[-99.163178,23.744013],[-99.162627,23.74401],[-99.16242,23.743992],[-99.161333,23.743897],[-99.16003,23.74378],[-99.15986,23.743744],[-99.159776,23.742654],[-99.159712,23.741828],[-99.159688,23.7415],[-99.159888,23.741491],[-99.160942,23.741436],[-99.161329,23.741415],[-99.161469,23.741406],[-99.163062,23.741302],[-99.163102,23.7413],[-99.163143,23.741298],[-99.16415,23.741248],[-99.164323,23.741239],[-99.164356,23.741778],[-99.164403,23.742393],[-99.164432,23.742964],[-99.164409,23.743531],[-99.164281,23.744117],[-99.164167,23.744118],[-99.163307,23.744124]]]}},{"type":"Feature","id":1603,"properties":{"id":1099,"entidad":28,"distrito_f":5,"distrito_l":14,"municipio":41,"seccion":1603,"tipo":2,"control":1707},"geometry":{"type":"Polygon","coordinates":[[[-99.16016,23.747661],[-99.160059,23.747621],[-99.1598,23.747481],[-99.15914,23.747097],[-99.158875,23.746939],[-99.158761,23.746871],[-99.158256,23.746599],[-99.157775,23.746341],[-99.157717,23.746936],[-99.157672,23.747395],[-99.156458,23.74729],[-99.156079,23.747254],[-99.155709,23.747221],[-99.154761,23.747143],[-99.15483,23.746153],[-99.154898,23.745162],[-99.155022,23.744131],[-99.156084,23.744231],[-99.156939,23.744341],[-99.157003,23.744346],[-99.15703,23.744349],[-99.157122,23.744356],[-99.157354,23.744374],[-99.1576,23.744394],[-99.157659,23.744399],[-99.157805,23.744411],[-99.157908,23.744419],[-99.157957,23.744423],[-99.157988,23.744427],[-99.158118,23.744443],[-99.15879,23.744529],[-99.158868,23.744539],[-99.159264,23.74459],[-99.159414,23.744609],[-99.159688,23.744644],[-99.159932,23.744675],[-99.159934,23.744705],[-99.159941,23.744789],[-99.159969,23.745152],[-99.159993,23.745468],[-99.160017,23.745784],[-99.16016,23.747661]]]}},{"type":"Feature","id":1604,"properties":{"id":1100,"entidad":28,"distrito_f":5,"distrito_l":14,"municipio":41,"seccion":1604,"tipo":2,"control":1383},"geometry":{"type":"Polygon","coordinates":[[[-99.159932,23.744675],[-99.159688,23.744644],[-99.159414,23.744609],[-99.159264,23.74459],[-99.158868,23.744539],[-99.15879,23.744529],[-99.158118,23.744443],[-99.157988,23.744427],[-99.157957,23.744423],[-99.157908,23.744419],[-99.157805,23.744411],[-99.157659,23.744399],[-99.1576,23.744394],[-99.157354,23.744374],[-99.157122,23.744356],[-99.15703,23.744349],[-99.157003,23.744346],[-99.156939,23.744341],[-99.156084,23.744231],[-99.155022,23.744131],[-99.155129,23.743153],[-99.155129,23.743129],[-99.155129,23.743053],[-99.154989,23.742616],[-99.154979,23.74259],[-99.154937,23.742481],[-99.154889,23.742261],[-99.154931,23.741987],[-99.156257,23.742169],[-99.157284,23.74231],[-99.158173,23.742423],[-99.158807,23.742509],[-99.159571,23.742623],[-99.159776,23.742654],[-99.15986,23.743744],[-99.159892,23.744156],[-99.159926,23.744602],[-99.159932,23.744675]]]}},{"type":"Feature","id":1605,"properties":{"id":1101,"entidad":28,"distrito_f":5,"distrito_l":14,"municipio":41,"seccion":1605,"tipo":2,"control":1369},"geometry":{"type":"Polygon","coordinates":[[[-99.154761,23.747143],[-99.153586,23.747044],[-99.152705,23.74697],[-99.151768,23.746891],[-99.15094,23.746821],[-99.150081,23.746749],[-99.150182,23.745789],[-99.150319,23.744684],[-99.151184,23.744775],[-99.152044,23.744866],[-99.152958,23.744961],[-99.153809,23.745049],[-99.154424,23.745113],[-99.154898,23.745162],[-99.15483,23.746153],[-99.154761,23.747143]]]}},{"type":"Feature","id":1606,"properties":{"id":1102,"entidad":28,"distrito_f":5,"distrito_l":14,"municipio":41,"seccion":1606,"tipo":2,"control":1461},"geometry":{"type":"Polygon","coordinates":[[[-99.135403,23.7444],[-99.135616,23.744651],[-99.135902,23.744972],[-99.137247,23.746637],[-99.137089,23.746751],[-99.136938,23.746829],[-99.137256,23.747255],[-99.137174,23.747295],[-99.137018,23.747285],[-99.135742,23.7472],[-99.134406,23.747119],[-99.133098,23.747001],[-99.131779,23.746897],[-99.131749,23.746895],[-99.130465,23.746802],[-99.129102,23.746704],[-99.128525,23.746662],[-99.12678,23.746536],[-99.126731,23.746532],[-99.126703,23.74653],[-99.126663,23.746525],[-99.127125,23.746078],[-99.12724,23.745957],[-99.128025,23.745133],[-99.129937,23.743243],[-99.130814,23.742382],[-99.131935,23.741231],[-99.132198,23.740961],[-99.132376,23.740778],[-99.132442,23.740797],[-99.132494,23.740839],[-99.133367,23.741884],[-99.133623,23.742188],[-99.133955,23.742596],[-99.134752,23.743593],[-99.135403,23.7444]]]}},{"type":"Feature","id":1613,"properties":{"id":1036,"entidad":28,"distrito_f":5,"distrito_l":14,"municipio":41,"seccion":1613,"tipo":2,"control":1456},"geometry":{"type":"Polygon","coordinates":[[[-99.14349,23.740614],[-99.142723,23.740517],[-99.141769,23.740398],[-99.141295,23.740339],[-99.140882,23.740287],[-99.14008,23.740186],[-99.140016,23.740178],[-99.139491,23.740112],[-99.138848,23.740032],[-99.138015,23.739927],[-99.137412,23.739852],[-99.136936,23.739792],[-99.136011,23.739676],[-99.133956,23.739472],[-99.133691,23.73949],[-99.133556,23.739479],[-99.134617,23.738463],[-99.13516,23.737947],[-99.13573,23.737434],[-99.13622,23.736993],[-99.136415,23.736782],[-99.136463,23.736358],[-99.137293,23.736494],[-99.138231,23.736603],[-99.138255,23.736606],[-99.139112,23.736724],[-99.139155,23.73673],[-99.14033,23.736889],[-99.14037,23.736894],[-99.141115,23.736989],[-99.141183,23.736995],[-99.141899,23.737066],[-99.142007,23.737079],[-99.142932,23.737198],[-99.143833,23.737314],[-99.14377,23.738392],[-99.143768,23.738445],[-99.14367,23.739517],[-99.143617,23.740612],[-99.14349,23.740614]]]}},{"type":"Feature","id":1614,"properties":{"id":1041,"entidad":28,"distrito_f":5,"distrito_l":14,"municipio":41,"seccion":1614,"tipo":2,"control":1381},"geometry":{"type":"Polygon","coordinates":[[[-99.148787,23.74234],[-99.147833,23.742206],[-99.147156,23.742118],[-99.146124,23.741984],[-99.145158,23.741858],[-99.144372,23.741756],[-99.1437,23.741701],[-99.143673,23.741699],[-99.143554,23.741689],[-99.143617,23.740612],[-99.14367,23.739517],[-99.143768,23.738445],[-99.14377,23.738392],[-99.143833,23.737314],[-99.144715,23.737423],[-99.145561,23.737527],[-99.146536,23.737648],[-99.147491,23.737755],[-99.148377,23.737856],[-99.149219,23.737985],[-99.149091,23.739027],[-99.149087,23.739069],[-99.148987,23.740122],[-99.148978,23.740197],[-99.148859,23.741193],[-99.148855,23.741244],[-99.148787,23.74234]]]}},{"type":"Feature","id":1615,"properties":{"id":1049,"entidad":28,"distrito_f":5,"distrito_l":14,"municipio":41,"seccion":1615,"tipo":2,"control":1380},"geometry":{"type":"Polygon","coordinates":[[[-99.150081,23.746749],[-99.149999,23.746742],[-99.149249,23.74668],[-99.148313,23.746602],[-99.147377,23.746523],[-99.14749,23.745453],[-99.147598,23.744428],[-99.147604,23.744376],[-99.147719,23.743283],[-99.147833,23.742206],[-99.148787,23.74234],[-99.148855,23.741244],[-99.148859,23.741193],[-99.148978,23.740197],[-99.148987,23.740122],[-99.149087,23.739069],[-99.149091,23.739027],[-99.149219,23.737985],[-99.150138,23.738116],[-99.151057,23.738246],[-99.150964,23.738349],[-99.15093,23.738575],[-99.150856,23.73931],[-99.15072,23.740343],[-99.150714,23.740427],[-99.150579,23.741484],[-99.150822,23.741561],[-99.150684,23.741641],[-99.15063,23.74184],[-99.150566,23.74243],[-99.150559,23.742553],[-99.150433,23.743616],[-99.150319,23.744684],[-99.150182,23.745789],[-99.150081,23.746749]]]}},{"type":"Feature","id":1616,"properties":{"id":1052,"entidad":28,"distrito_f":5,"distrito_l":14,"municipio":41,"seccion":1616,"tipo":2,"control":1368},"geometry":{"type":"Polygon","coordinates":[[[-99.154898,23.745162],[-99.154424,23.745113],[-99.153809,23.745049],[-99.152958,23.744961],[-99.152044,23.744866],[-99.151184,23.744775],[-99.150319,23.744684],[-99.150433,23.743616],[-99.150559,23.742553],[-99.150566,23.74243],[-99.15063,23.74184],[-99.150684,23.741641],[-99.150822,23.741561],[-99.150579,23.741484],[-99.150714,23.740427],[-99.15072,23.740343],[-99.150856,23.73931],[-99.15093,23.738575],[-99.150964,23.738349],[-99.151057,23.738246],[-99.151467,23.738309],[-99.151664,23.738278],[-99.15184,23.738294],[-99.152158,23.738388],[-99.152697,23.738458],[-99.153594,23.738574],[-99.154497,23.738691],[-99.155358,23.738802],[-99.15529,23.739395],[-99.155257,23.739877],[-99.15525,23.739994],[-99.155135,23.740951],[-99.15513,23.740988],[-99.155047,23.741265],[-99.154949,23.741639],[-99.154931,23.741987],[-99.154889,23.742261],[-99.154937,23.742481],[-99.154979,23.74259],[-99.154989,23.742616],[-99.155129,23.743053],[-99.155129,23.743129],[-99.155129,23.743153],[-99.155022,23.744131],[-99.154898,23.745162]]]}},{"type":"Feature","id":1617,"properties":{"id":947,"entidad":28,"distrito_f":5,"distrito_l":14,"municipio":41,"seccion":1617,"tipo":2,"control":1382},"geometry":{"type":"Polygon","coordinates":[[[-99.157621,23.739093],[-99.15858,23.739216],[-99.159399,23.739321],[-99.159533,23.739338],[-99.15956,23.739717],[-99.159584,23.740044],[-99.159653,23.74101],[-99.159688,23.7415],[-99.159712,23.741828],[-99.159776,23.742654],[-99.159571,23.742623],[-99.158807,23.742509],[-99.158173,23.742423],[-99.157284,23.74231],[-99.156257,23.742169],[-99.154931,23.741987],[-99.154949,23.741639],[-99.155047,23.741265],[-99.15513,23.740988],[-99.155135,23.740951],[-99.15525,23.739994],[-99.155257,23.739877],[-99.15529,23.739395],[-99.155358,23.738802],[-99.156643,23.738967],[-99.156746,23.738085],[-99.156751,23.73804],[-99.156809,23.73751],[-99.156845,23.737173],[-99.15777,23.737303],[-99.15757,23.738997],[-99.157621,23.739093]]]}},{"type":"Feature","id":1568,"properties":{"id":1059,"entidad":28,"distrito_f":5,"distrito_l":14,"municipio":41,"seccion":1568,"tipo":2,"control":1463},"geometry":{"type":"Polygon","coordinates":[[[-99.126659,23.762113],[-99.126719,23.762122],[-99.128015,23.762314],[-99.127988,23.762503],[-99.127389,23.766784],[-99.127279,23.767592],[-99.127248,23.767981],[-99.127158,23.769297],[-99.12703,23.771161],[-99.127026,23.771221],[-99.127011,23.771432],[-99.127005,23.771516],[-99.125037,23.770466],[-99.124344,23.770095],[-99.123864,23.769847],[-99.122956,23.769378],[-99.122654,23.769222],[-99.122394,23.769089],[-99.122175,23.768994],[-99.118931,23.767323],[-99.113798,23.764706],[-99.114076,23.764281],[-99.114386,23.763807],[-99.114518,23.763568],[-99.115127,23.762746],[-99.11519,23.762659],[-99.116091,23.76142],[-99.116454,23.760995],[-99.116798,23.760499],[-99.117054,23.760129],[-99.117563,23.759387],[-99.117786,23.759181],[-99.117942,23.758951],[-99.118732,23.757788],[-99.118838,23.75763],[-99.119279,23.756869],[-99.119937,23.755887],[-99.120971,23.754414],[-99.121124,23.754496],[-99.121527,23.753921],[-99.123267,23.75437],[-99.124045,23.754646],[-99.123902,23.754901],[-99.123687,23.755242],[-99.123475,23.755581],[-99.123234,23.755941],[-99.123033,23.75628],[-99.122811,23.756619],[-99.122909,23.756638],[-99.123097,23.756674],[-99.123263,23.756706],[-99.12384,23.756806],[-99.124292,23.756885],[-99.124434,23.75691],[-99.124501,23.75692],[-99.124706,23.756959],[-99.124691,23.757012],[-99.124621,23.757311],[-99.124573,23.7573],[-99.124464,23.757692],[-99.124521,23.75774],[-99.124707,23.757796],[-99.125135,23.757901],[-99.125529,23.758008],[-99.125624,23.758035],[-99.125781,23.758071],[-99.125762,23.758163],[-99.12568,23.758551],[-99.125574,23.758992],[-99.125528,23.759229],[-99.125257,23.759191],[-99.125257,23.759231],[-99.125258,23.759431],[-99.125257,23.759525],[-99.125255,23.759715],[-99.12526,23.759792],[-99.125253,23.759935],[-99.125239,23.760194],[-99.125243,23.760236],[-99.125244,23.760273],[-99.125231,23.760706],[-99.12523,23.760757],[-99.125228,23.760822],[-99.125214,23.761257],[-99.125205,23.761336],[-99.125206,23.761383],[-99.125202,23.761591],[-99.125198,23.761624],[-99.12546,23.761655],[-99.126397,23.761813],[-99.126681,23.761857],[-99.126576,23.762103],[-99.126659,23.762113]]]}},{"type":"Feature","id":1581,"properties":{"id":1071,"entidad":28,"distrito_f":5,"distrito_l":14,"municipio":41,"seccion":1581,"tipo":2,"control":1395},"geometry":{"type":"Polygon","coordinates":[[[-99.166632,23.75716],[-99.166654,23.757393],[-99.166669,23.757434],[-99.166733,23.757957],[-99.166792,23.758471],[-99.165196,23.758674],[-99.162813,23.758818],[-99.160981,23.758928],[-99.160897,23.758933],[-99.160888,23.758672],[-99.160784,23.756882],[-99.160872,23.756885],[-99.162674,23.756787],[-99.163289,23.756746],[-99.164501,23.756679],[-99.165326,23.756564],[-99.165405,23.756553],[-99.165443,23.757106],[-99.165471,23.757173],[-99.166632,23.75716]]]}},{"type":"Feature","id":1618,"properties":{"id":949,"entidad":28,"distrito_f":5,"distrito_l":15,"municipio":41,"seccion":1618,"tipo":2,"control":1386},"geometry":{"type":"Polygon","coordinates":[[[-99.159688,23.7415],[-99.159653,23.74101],[-99.159584,23.740044],[-99.15956,23.739717],[-99.159533,23.739338],[-99.159391,23.73735],[-99.159646,23.737337],[-99.160729,23.737283],[-99.161774,23.737231],[-99.162838,23.737178],[-99.163944,23.737123],[-99.164016,23.738031],[-99.164086,23.738914],[-99.164132,23.739491],[-99.164287,23.740771],[-99.164323,23.741239],[-99.16415,23.741248],[-99.163143,23.741298],[-99.163102,23.7413],[-99.163062,23.741302],[-99.161469,23.741406],[-99.161329,23.741415],[-99.160942,23.741436],[-99.159888,23.741491],[-99.159688,23.7415]]]}},{"type":"Feature","id":1582,"properties":{"id":2130,"entidad":28,"distrito_f":5,"distrito_l":14,"municipio":41,"seccion":1582,"tipo":2,"control":1394},"geometry":{"type":"Polygon","coordinates":[[[-99.169002,23.752129],[-99.16899,23.752163],[-99.168971,23.752213],[-99.168971,23.752297],[-99.168972,23.752347],[-99.168972,23.752405],[-99.169013,23.752498],[-99.169029,23.752892],[-99.169019,23.757179],[-99.166632,23.75716],[-99.165471,23.757173],[-99.165443,23.757106],[-99.165405,23.756553],[-99.165326,23.756564],[-99.164501,23.756679],[-99.163289,23.756746],[-99.162674,23.756787],[-99.160872,23.756885],[-99.160784,23.756882],[-99.160775,23.756717],[-99.160757,23.756391],[-99.160741,23.756102],[-99.160738,23.756048],[-99.160687,23.755369],[-99.160683,23.755326],[-99.160643,23.754799],[-99.160534,23.753353],[-99.160545,23.753131],[-99.160565,23.753131],[-99.161574,23.753031],[-99.163118,23.752841],[-99.163424,23.752808],[-99.163885,23.752742],[-99.164431,23.752675],[-99.165038,23.752604],[-99.165325,23.752579],[-99.166125,23.752477],[-99.16751,23.752311],[-99.168081,23.752241],[-99.168395,23.752203],[-99.1686,23.752178],[-99.169002,23.752129]]]}},{"type":"Feature","id":1583,"properties":{"id":1077,"entidad":28,"distrito_f":5,"distrito_l":14,"municipio":41,"seccion":1583,"tipo":2,"control":1688},"geometry":{"type":"Polygon","coordinates":[[[-99.155316,23.756208],[-99.155253,23.757117],[-99.155241,23.757278],[-99.155095,23.757359],[-99.154605,23.757316],[-99.153293,23.757218],[-99.151957,23.757118],[-99.15172,23.757101],[-99.150976,23.757049],[-99.150347,23.757006],[-99.150273,23.757082],[-99.150169,23.757683],[-99.149608,23.75763],[-99.148864,23.757558],[-99.148821,23.757552],[-99.148798,23.757549],[-99.148746,23.757542],[-99.148852,23.75669],[-99.148956,23.755781],[-99.149068,23.755775],[-99.149638,23.755834],[-99.149819,23.755828],[-99.149981,23.755832],[-99.150112,23.75584],[-99.151802,23.755962],[-99.152941,23.756055],[-99.153564,23.756102],[-99.154722,23.756176],[-99.155243,23.756204],[-99.155316,23.756208]]]}},{"type":"Feature","id":1584,"properties":{"id":1081,"entidad":28,"distrito_f":5,"distrito_l":14,"municipio":41,"seccion":1584,"tipo":2,"control":1373},"geometry":{"type":"Polygon","coordinates":[[[-99.155385,23.755402],[-99.155352,23.755825],[-99.155316,23.756208],[-99.155243,23.756204],[-99.154722,23.756176],[-99.153564,23.756102],[-99.152941,23.756055],[-99.151802,23.755962],[-99.150112,23.75584],[-99.149981,23.755832],[-99.149819,23.755828],[-99.149638,23.755834],[-99.149068,23.755775],[-99.149152,23.754937],[-99.149845,23.755007],[-99.149885,23.75501],[-99.149925,23.755013],[-99.150084,23.755026],[-99.150272,23.755042],[-99.151858,23.75517],[-99.15188,23.755171],[-99.151969,23.755176],[-99.152832,23.755225],[-99.153016,23.755232],[-99.153117,23.755241],[-99.153108,23.755383],[-99.153535,23.755411],[-99.153544,23.755272],[-99.153615,23.755277],[-99.154769,23.755359],[-99.155306,23.755397],[-99.155385,23.755402]]]}},{"type":"Feature","id":1585,"properties":{"id":940,"entidad":28,"distrito_f":5,"distrito_l":14,"municipio":41,"seccion":1585,"tipo":2,"control":1372},"geometry":{"type":"Polygon","coordinates":[[[-99.156004,23.753589],[-99.155995,23.7538],[-99.155894,23.753952],[-99.155719,23.754072],[-99.155567,23.754235],[-99.155463,23.754412],[-99.155385,23.755402],[-99.155306,23.755397],[-99.154769,23.755359],[-99.153615,23.755277],[-99.153544,23.755272],[-99.153535,23.755411],[-99.153108,23.755383],[-99.153117,23.755241],[-99.153016,23.755232],[-99.152832,23.755225],[-99.151969,23.755176],[-99.15188,23.755171],[-99.151858,23.75517],[-99.150272,23.755042],[-99.150084,23.755026],[-99.149925,23.755013],[-99.149885,23.75501],[-99.149845,23.755007],[-99.149152,23.754937],[-99.149069,23.754929],[-99.14904,23.754926],[-99.149151,23.75395],[-99.149241,23.753204],[-99.149269,23.752972],[-99.149384,23.752983],[-99.150202,23.753071],[-99.151061,23.753125],[-99.151106,23.75314],[-99.152026,23.753214],[-99.153237,23.753302],[-99.154058,23.753336],[-99.154469,23.753357],[-99.154916,23.753356],[-99.155617,23.753377],[-99.155843,23.753386],[-99.156012,23.753394],[-99.156004,23.753589]]]}},{"type":"Feature","id":1586,"properties":{"id":980,"entidad":28,"distrito_f":5,"distrito_l":14,"municipio":41,"seccion":1586,"tipo":2,"control":1377},"geometry":{"type":"Polygon","coordinates":[[[-99.148563,23.759331],[-99.148258,23.75932],[-99.148027,23.759294],[-99.147816,23.759283],[-99.147554,23.759258],[-99.147328,23.759242],[-99.147057,23.759212],[-99.146955,23.759205],[-99.146071,23.759145],[-99.146116,23.758492],[-99.146164,23.757823],[-99.146185,23.757577],[-99.14623,23.757164],[-99.146278,23.756551],[-99.146267,23.756455],[-99.14623,23.756398],[-99.146328,23.755561],[-99.146408,23.754698],[-99.146413,23.754643],[-99.146475,23.754154],[-99.146525,23.753766],[-99.146619,23.753028],[-99.146651,23.752771],[-99.146735,23.752106],[-99.146751,23.751977],[-99.147678,23.75204],[-99.148631,23.752122],[-99.14937,23.752182],[-99.149407,23.752185],[-99.149436,23.752189],[-99.149486,23.752194],[-99.149384,23.752983],[-99.149269,23.752972],[-99.149241,23.753204],[-99.149151,23.75395],[-99.14904,23.754926],[-99.149069,23.754929],[-99.149152,23.754937],[-99.149068,23.755775],[-99.148956,23.755781],[-99.148852,23.75669],[-99.148746,23.757542],[-99.148647,23.758489],[-99.148563,23.759331]]]}},{"type":"Feature","id":1619,"properties":{"id":2172,"entidad":28,"distrito_f":5,"distrito_l":15,"municipio":41,"seccion":1619,"tipo":2,"control":1389},"geometry":{"type":"Polygon","coordinates":[[[-99.171598,23.737547],[-99.171676,23.738224],[-99.171692,23.738371],[-99.171731,23.738714],[-99.171424,23.738863],[-99.171239,23.738954],[-99.170986,23.739071],[-99.170591,23.73927],[-99.170117,23.739501],[-99.169995,23.73956],[-99.169608,23.739749],[-99.169058,23.740054],[-99.168474,23.740374],[-99.168339,23.740443],[-99.167968,23.740618],[-99.167396,23.740919],[-99.166842,23.741219],[-99.166455,23.741429],[-99.166303,23.74147],[-99.166355,23.741622],[-99.165974,23.741682],[-99.165338,23.741728],[-99.164356,23.741778],[-99.164323,23.741239],[-99.164287,23.740771],[-99.164132,23.739491],[-99.164086,23.738914],[-99.164016,23.738031],[-99.163944,23.737123],[-99.165044,23.737056],[-99.166068,23.736995],[-99.16716,23.736947],[-99.168237,23.736886],[-99.169315,23.736825],[-99.169853,23.736794],[-99.170371,23.736735],[-99.170422,23.736727],[-99.171488,23.736575],[-99.171528,23.736833],[-99.17154,23.73703],[-99.171575,23.73734],[-99.17159,23.737474],[-99.171598,23.737547]]]}},{"type":"Feature","id":1587,"properties":{"id":990,"entidad":28,"distrito_f":5,"distrito_l":14,"municipio":41,"seccion":1587,"tipo":2,"control":1455},"geometry":{"type":"Polygon","coordinates":[[[-99.139946,23.762154],[-99.14,23.761886],[-99.140059,23.761595],[-99.140134,23.761223],[-99.140148,23.761154],[-99.140201,23.76089],[-99.140272,23.760538],[-99.140278,23.760505],[-99.140285,23.760472],[-99.140331,23.760246],[-99.140371,23.760047],[-99.140397,23.759917],[-99.140411,23.759849],[-99.140446,23.759671],[-99.140482,23.759493],[-99.140514,23.759342],[-99.140556,23.759138],[-99.140568,23.759067],[-99.140761,23.758107],[-99.140846,23.757686],[-99.14086,23.757614],[-99.14093,23.757268],[-99.140991,23.756966],[-99.141358,23.755143],[-99.141376,23.755051],[-99.141575,23.754061],[-99.141824,23.752828],[-99.141874,23.752608],[-99.141915,23.752444],[-99.14314,23.752543],[-99.143316,23.751848],[-99.144384,23.751929],[-99.146045,23.752054],[-99.146735,23.752106],[-99.146651,23.752771],[-99.146619,23.753028],[-99.146525,23.753766],[-99.146475,23.754154],[-99.146413,23.754643],[-99.146408,23.754698],[-99.146328,23.755561],[-99.14623,23.756398],[-99.146267,23.756455],[-99.146278,23.756551],[-99.14623,23.757164],[-99.146185,23.757577],[-99.146164,23.757823],[-99.146116,23.758492],[-99.146071,23.759145],[-99.146062,23.759261],[-99.146024,23.759744],[-99.146019,23.759837],[-99.146005,23.760066],[-99.145998,23.760128],[-99.145955,23.760523],[-99.145945,23.760698],[-99.145892,23.761182],[-99.145838,23.761795],[-99.145726,23.761786],[-99.143914,23.761631],[-99.142598,23.761524],[-99.142036,23.761576],[-99.141964,23.761638],[-99.141857,23.761732],[-99.139946,23.762154]]]}},{"type":"Feature","id":1594,"properties":{"id":997,"entidad":28,"distrito_f":5,"distrito_l":14,"municipio":41,"seccion":1594,"tipo":2,"control":1379},"geometry":{"type":"Polygon","coordinates":[[[-99.14314,23.752543],[-99.141915,23.752444],[-99.142039,23.75177],[-99.14225,23.750739],[-99.14232,23.750398],[-99.142443,23.749805],[-99.142617,23.74896],[-99.142658,23.74876],[-99.142777,23.748286],[-99.142833,23.748067],[-99.142851,23.747994],[-99.142944,23.747532],[-99.143097,23.746767],[-99.14311,23.746703],[-99.1432,23.745786],[-99.143309,23.744625],[-99.143437,23.743269],[-99.143476,23.742858],[-99.143554,23.741689],[-99.143673,23.741699],[-99.1437,23.741701],[-99.144372,23.741756],[-99.145158,23.741858],[-99.146124,23.741984],[-99.147156,23.742118],[-99.147833,23.742206],[-99.147719,23.743283],[-99.147604,23.744376],[-99.147598,23.744428],[-99.14749,23.745453],[-99.147377,23.746523],[-99.147238,23.747476],[-99.147165,23.748383],[-99.147042,23.749235],[-99.147035,23.749298],[-99.146949,23.750174],[-99.146871,23.750861],[-99.146848,23.751076],[-99.146805,23.75148],[-99.146751,23.751977],[-99.146735,23.752106],[-99.146045,23.752054],[-99.144384,23.751929],[-99.143316,23.751848],[-99.14314,23.752543]]]}},{"type":"Feature","id":1563,"properties":{"id":1082,"entidad":28,"distrito_f":5,"distrito_l":14,"municipio":41,"seccion":1563,"tipo":2,"control":1400},"geometry":{"type":"Polygon","coordinates":[[[-99.172606,23.771461],[-99.172275,23.771857],[-99.171804,23.772301],[-99.171613,23.772456],[-99.171368,23.772615],[-99.171124,23.772775],[-99.170535,23.773057],[-99.170277,23.773164],[-99.170068,23.773244],[-99.169763,23.773128],[-99.168913,23.773041],[-99.166273,23.772724],[-99.166346,23.77218],[-99.166425,23.771615],[-99.166488,23.771167],[-99.166559,23.770654],[-99.16731,23.77075],[-99.169201,23.77098],[-99.172275,23.771383],[-99.172606,23.771461]]]}},{"type":"Feature","id":1595,"properties":{"id":998,"entidad":28,"distrito_f":5,"distrito_l":14,"municipio":41,"seccion":1595,"tipo":2,"control":1378},"geometry":{"type":"Polygon","coordinates":[[[-99.149486,23.752194],[-99.149436,23.752189],[-99.149407,23.752185],[-99.14937,23.752182],[-99.148631,23.752122],[-99.147678,23.75204],[-99.146751,23.751977],[-99.146805,23.75148],[-99.146848,23.751076],[-99.146871,23.750861],[-99.146949,23.750174],[-99.147035,23.749298],[-99.147042,23.749235],[-99.147165,23.748383],[-99.147238,23.747476],[-99.147377,23.746523],[-99.148313,23.746602],[-99.149249,23.74668],[-99.149999,23.746742],[-99.150081,23.746749],[-99.149979,23.747687],[-99.149928,23.748187],[-99.149872,23.748596],[-99.149832,23.748914],[-99.149801,23.749168],[-99.149757,23.749515],[-99.149729,23.749807],[-99.149697,23.750072],[-99.149673,23.750388],[-99.149639,23.750713],[-99.149612,23.75097],[-99.149581,23.751282],[-99.14953,23.751741],[-99.149486,23.752194]]]}},{"type":"Feature","id":1596,"properties":{"id":1009,"entidad":28,"distrito_f":5,"distrito_l":14,"municipio":41,"seccion":1596,"tipo":2,"control":1371},"geometry":{"type":"Polygon","coordinates":[[[-99.154058,23.753336],[-99.153237,23.753302],[-99.152026,23.753214],[-99.151106,23.75314],[-99.151061,23.753125],[-99.150202,23.753071],[-99.149384,23.752983],[-99.149486,23.752194],[-99.14953,23.751741],[-99.149581,23.751282],[-99.149612,23.75097],[-99.149639,23.750713],[-99.149673,23.750388],[-99.149697,23.750072],[-99.149729,23.749807],[-99.149757,23.749515],[-99.15061,23.74957],[-99.151454,23.749641],[-99.152425,23.749722],[-99.153267,23.749792],[-99.154429,23.749882],[-99.154391,23.750236],[-99.154367,23.75046],[-99.154332,23.750785],[-99.154058,23.753336]]]}},{"type":"Feature","id":1597,"properties":{"id":1017,"entidad":28,"distrito_f":5,"distrito_l":14,"municipio":41,"seccion":1597,"tipo":2,"control":1370},"geometry":{"type":"Polygon","coordinates":[[[-99.154429,23.749882],[-99.153267,23.749792],[-99.152425,23.749722],[-99.151454,23.749641],[-99.15061,23.74957],[-99.149757,23.749515],[-99.149801,23.749168],[-99.149832,23.748914],[-99.149872,23.748596],[-99.149928,23.748187],[-99.149979,23.747687],[-99.150081,23.746749],[-99.15094,23.746821],[-99.151768,23.746891],[-99.152705,23.74697],[-99.153586,23.747044],[-99.154761,23.747143],[-99.154651,23.748052],[-99.154541,23.74896],[-99.154429,23.749882]]]}},{"type":"Feature","id":1635,"properties":{"id":1121,"entidad":28,"distrito_f":5,"distrito_l":15,"municipio":41,"seccion":1635,"tipo":2,"control":1474},"geometry":{"type":"Polygon","coordinates":[[[-99.117489,23.742976],[-99.11674,23.741843],[-99.116557,23.741593],[-99.115427,23.740058],[-99.115116,23.73964],[-99.115087,23.739601],[-99.115199,23.739533],[-99.11543,23.739392],[-99.116041,23.739021],[-99.117024,23.738383],[-99.117117,23.738512],[-99.117389,23.738889],[-99.117628,23.739267],[-99.117718,23.739398],[-99.117776,23.739482],[-99.118048,23.73987],[-99.118404,23.740377],[-99.118671,23.740756],[-99.118755,23.740872],[-99.119105,23.741355],[-99.119432,23.741806],[-99.119801,23.742299],[-99.119862,23.742394],[-99.119594,23.742494],[-99.119542,23.742511],[-99.119462,23.742536],[-99.11933,23.742577],[-99.118986,23.742634],[-99.118856,23.742655],[-99.118469,23.742717],[-99.118218,23.742758],[-99.11798,23.742802],[-99.117854,23.742829],[-99.117791,23.742842],[-99.117489,23.742976]]]}},{"type":"Feature","id":1564,"properties":{"id":1083,"entidad":28,"distrito_f":5,"distrito_l":14,"municipio":41,"seccion":1564,"tipo":2,"control":1786},"geometry":{"type":"Polygon","coordinates":[[[-99.170464,23.773422],[-99.170216,23.773506],[-99.169908,23.773606],[-99.169652,23.773674],[-99.169352,23.773739],[-99.168869,23.773822],[-99.168886,23.773973],[-99.168915,23.774422],[-99.168945,23.7749],[-99.168975,23.775356],[-99.169005,23.775832],[-99.169037,23.776278],[-99.169058,23.776468],[-99.169089,23.776715],[-99.169096,23.77679],[-99.169142,23.776805],[-99.169188,23.776821],[-99.169201,23.777112],[-99.169208,23.777299],[-99.169214,23.777575],[-99.169222,23.77805],[-99.169244,23.77851],[-99.169254,23.778943],[-99.169265,23.779416],[-99.169263,23.77961],[-99.169234,23.779866],[-99.169242,23.780345],[-99.169252,23.780784],[-99.169248,23.781243],[-99.169243,23.78168],[-99.169249,23.782122],[-99.169248,23.782646],[-99.169262,23.783105],[-99.169236,23.7832],[-99.169243,23.783613],[-99.169244,23.784084],[-99.169236,23.784494],[-99.169234,23.785014],[-99.168865,23.785398],[-99.167982,23.785408],[-99.168046,23.78649],[-99.168098,23.787276],[-99.168151,23.788078],[-99.168211,23.788411],[-99.168308,23.78884],[-99.168456,23.789248],[-99.168641,23.789683],[-99.168908,23.790132],[-99.169241,23.790562],[-99.167814,23.790475],[-99.163864,23.790246],[-99.163295,23.789808],[-99.162843,23.789382],[-99.162617,23.786837],[-99.162416,23.784428],[-99.162281,23.782532],[-99.162275,23.782403],[-99.162194,23.780526],[-99.162155,23.779632],[-99.162146,23.77949],[-99.16212,23.779043],[-99.162091,23.778554],[-99.162063,23.778094],[-99.162034,23.777606],[-99.162012,23.777129],[-99.161986,23.776681],[-99.161811,23.773919],[-99.161804,23.77381],[-99.161786,23.773559],[-99.161781,23.773501],[-99.161648,23.771988],[-99.161627,23.771693],[-99.161596,23.771383],[-99.161503,23.770337],[-99.161695,23.770323],[-99.162932,23.770231],[-99.163062,23.770244],[-99.164397,23.770378],[-99.164536,23.770394],[-99.16491,23.770439],[-99.165147,23.77047],[-99.166559,23.770654],[-99.166488,23.771167],[-99.166425,23.771615],[-99.166346,23.77218],[-99.166273,23.772724],[-99.168913,23.773041],[-99.169763,23.773128],[-99.170068,23.773244],[-99.170163,23.77328],[-99.170401,23.773371],[-99.170464,23.773422]]]}},{"type":"Feature","id":1565,"properties":{"id":1084,"entidad":28,"distrito_f":5,"distrito_l":14,"municipio":41,"seccion":1565,"tipo":2,"control":1399},"geometry":{"type":"Polygon","coordinates":[[[-99.172691,23.771359],[-99.172606,23.771461],[-99.172275,23.771383],[-99.169201,23.77098],[-99.16731,23.77075],[-99.166559,23.770654],[-99.165147,23.77047],[-99.16491,23.770439],[-99.164536,23.770394],[-99.164397,23.770378],[-99.163062,23.770244],[-99.162932,23.770231],[-99.161695,23.770323],[-99.161503,23.770337],[-99.161492,23.770216],[-99.161347,23.768567],[-99.161343,23.768402],[-99.161341,23.768342],[-99.161592,23.768331],[-99.162801,23.768263],[-99.162945,23.768254],[-99.164806,23.768457],[-99.16542,23.768527],[-99.165562,23.768546],[-99.16698,23.768729],[-99.167588,23.768811],[-99.16788,23.768847],[-99.169495,23.769018],[-99.169944,23.769068],[-99.171311,23.769242],[-99.171548,23.769773],[-99.171838,23.770382],[-99.17212,23.770862],[-99.172196,23.770986],[-99.172289,23.771099],[-99.172401,23.771184],[-99.172544,23.771281],[-99.172691,23.771359]]]}},{"type":"Feature","id":1567,"properties":{"id":1080,"entidad":28,"distrito_f":5,"distrito_l":14,"municipio":41,"seccion":1567,"tipo":3,"control":1793},"geometry":{"type":"Polygon","coordinates":[[[-99.151799,23.7737],[-99.152391,23.77368],[-99.152398,23.773746],[-99.152471,23.774112],[-99.152609,23.774318],[-99.154372,23.777065],[-99.155809,23.779192],[-99.15603,23.779574],[-99.156002,23.779585],[-99.151548,23.78129],[-99.145989,23.78347],[-99.145801,23.783552],[-99.145539,23.785025],[-99.145278,23.786744],[-99.144981,23.788],[-99.144892,23.788668],[-99.144824,23.788794],[-99.144672,23.788908],[-99.144488,23.789005],[-99.144385,23.789065],[-99.143941,23.789076],[-99.136851,23.790039],[-99.133619,23.790496],[-99.132541,23.79068],[-99.130712,23.790962],[-99.130357,23.791888],[-99.128753,23.790628],[-99.129602,23.789846],[-99.122327,23.782425],[-99.122567,23.781191],[-99.123689,23.775725],[-99.124168,23.775723],[-99.124266,23.775723],[-99.124761,23.77572],[-99.126367,23.775712],[-99.126496,23.774355],[-99.127202,23.773171],[-99.127213,23.772096],[-99.127118,23.771781],[-99.127005,23.771516],[-99.127011,23.771432],[-99.127026,23.771221],[-99.12703,23.771161],[-99.127158,23.769297],[-99.127248,23.767981],[-99.127279,23.767592],[-99.127601,23.767639],[-99.127964,23.767693],[-99.128075,23.767697],[-99.129511,23.767872],[-99.130787,23.768035],[-99.130953,23.768041],[-99.131083,23.768057],[-99.13256,23.768232],[-99.134002,23.768415],[-99.135621,23.768609],[-99.135701,23.768622],[-99.135683,23.768646],[-99.135516,23.770069],[-99.135509,23.770136],[-99.136239,23.770191],[-99.138056,23.770328],[-99.138123,23.770333],[-99.138266,23.770341],[-99.138337,23.770345],[-99.138317,23.770451],[-99.138285,23.770628],[-99.138247,23.770855],[-99.138167,23.77126],[-99.138113,23.771586],[-99.13809,23.771735],[-99.138031,23.772033],[-99.138015,23.772116],[-99.137827,23.773171],[-99.137974,23.77327],[-99.138017,23.773479],[-99.137989,23.773692],[-99.138511,23.77365],[-99.138959,23.773592],[-99.139992,23.773604],[-99.140935,23.773593],[-99.141396,23.773598],[-99.146739,23.773657],[-99.14697,23.77366],[-99.147096,23.773661],[-99.148132,23.77366],[-99.150288,23.773683],[-99.150916,23.77369],[-99.151799,23.7737]]]}},{"type":"Feature","id":1569,"properties":{"id":1064,"entidad":28,"distrito_f":5,"distrito_l":14,"municipio":41,"seccion":1569,"tipo":2,"control":1458},"geometry":{"type":"Polygon","coordinates":[[[-99.126681,23.761857],[-99.126397,23.761813],[-99.12546,23.761655],[-99.125198,23.761624],[-99.125202,23.761591],[-99.125206,23.761383],[-99.125205,23.761336],[-99.125214,23.761257],[-99.125228,23.760822],[-99.12523,23.760757],[-99.125231,23.760706],[-99.125244,23.760273],[-99.125243,23.760236],[-99.125239,23.760194],[-99.125253,23.759935],[-99.12526,23.759792],[-99.125255,23.759715],[-99.125257,23.759525],[-99.125258,23.759431],[-99.125257,23.759231],[-99.125257,23.759191],[-99.125528,23.759229],[-99.125574,23.758992],[-99.127426,23.759265],[-99.12765,23.759297],[-99.129958,23.759629],[-99.130003,23.759465],[-99.130012,23.759138],[-99.130026,23.75864],[-99.130028,23.758565],[-99.130031,23.758228],[-99.130031,23.758045],[-99.130006,23.757504],[-99.12998,23.757369],[-99.131217,23.757274],[-99.131628,23.757239],[-99.131736,23.75723],[-99.132242,23.757188],[-99.132426,23.757173],[-99.132674,23.757154],[-99.133109,23.757123],[-99.133631,23.757085],[-99.133836,23.75707],[-99.134087,23.757057],[-99.134415,23.757037],[-99.134838,23.756999],[-99.1351,23.756996],[-99.135151,23.756991],[-99.135339,23.756974],[-99.135459,23.756964],[-99.135558,23.756952],[-99.13584,23.756885],[-99.136177,23.756867],[-99.136248,23.756523],[-99.136292,23.756529],[-99.136548,23.756551],[-99.137576,23.756639],[-99.137679,23.756624],[-99.13835,23.756691],[-99.138591,23.756732],[-99.139408,23.756805],[-99.139518,23.756822],[-99.14002,23.75687],[-99.140095,23.756867],[-99.1408,23.756948],[-99.140991,23.756966],[-99.14093,23.757268],[-99.14086,23.757614],[-99.140846,23.757686],[-99.140761,23.758107],[-99.140568,23.759067],[-99.140556,23.759138],[-99.140514,23.759342],[-99.140482,23.759493],[-99.140446,23.759671],[-99.140411,23.759849],[-99.140397,23.759917],[-99.140371,23.760047],[-99.140331,23.760246],[-99.140285,23.760472],[-99.140278,23.760505],[-99.140272,23.760538],[-99.140201,23.76089],[-99.140148,23.761154],[-99.140134,23.761223],[-99.140059,23.761595],[-99.14,23.761886],[-99.139946,23.762154],[-99.139708,23.763585],[-99.139763,23.763721],[-99.139745,23.763801],[-99.139719,23.763914],[-99.139697,23.763977],[-99.139673,23.764043],[-99.139598,23.764274],[-99.139531,23.764586],[-99.139356,23.765332],[-99.139163,23.76596],[-99.139106,23.76613],[-99.138992,23.766696],[-99.138843,23.767433],[-99.138715,23.768124],[-99.138687,23.76826],[-99.138525,23.76906],[-99.138266,23.770341],[-99.138123,23.770333],[-99.138056,23.770328],[-99.136239,23.770191],[-99.135509,23.770136],[-99.135516,23.770069],[-99.135683,23.768646],[-99.135701,23.768622],[-99.135621,23.768609],[-99.134002,23.768415],[-99.13256,23.768232],[-99.131083,23.768057],[-99.130953,23.768041],[-99.130787,23.768035],[-99.129511,23.767872],[-99.128075,23.767697],[-99.127964,23.767693],[-99.127601,23.767639],[-99.127279,23.767592],[-99.127389,23.766784],[-99.127988,23.762503],[-99.128015,23.762314],[-99.126719,23.762122],[-99.126659,23.762113],[-99.126576,23.762103],[-99.126681,23.761857]]]}},{"type":"Feature","id":1570,"properties":{"id":1074,"entidad":28,"distrito_f":5,"distrito_l":14,"municipio":41,"seccion":1570,"tipo":2,"control":1454},"geometry":{"type":"Polygon","coordinates":[[[-99.139992,23.773604],[-99.138959,23.773592],[-99.138511,23.77365],[-99.137989,23.773692],[-99.138017,23.773479],[-99.137974,23.77327],[-99.137827,23.773171],[-99.138015,23.772116],[-99.138031,23.772033],[-99.13809,23.771735],[-99.138113,23.771586],[-99.138167,23.77126],[-99.138247,23.770855],[-99.138285,23.770628],[-99.138317,23.770451],[-99.138337,23.770345],[-99.138266,23.770341],[-99.138525,23.76906],[-99.138687,23.76826],[-99.138715,23.768124],[-99.138843,23.767433],[-99.138992,23.766696],[-99.139106,23.76613],[-99.139163,23.76596],[-99.139356,23.765332],[-99.139531,23.764586],[-99.139598,23.764274],[-99.139673,23.764043],[-99.139697,23.763977],[-99.139719,23.763914],[-99.139745,23.763801],[-99.139763,23.763721],[-99.139708,23.763585],[-99.139946,23.762154],[-99.141857,23.761732],[-99.141964,23.761638],[-99.142036,23.761576],[-99.142598,23.761524],[-99.143914,23.761631],[-99.145726,23.761786],[-99.145838,23.761795],[-99.145798,23.762274],[-99.145755,23.762736],[-99.145721,23.763213],[-99.145695,23.763425],[-99.145675,23.763616],[-99.145603,23.764139],[-99.145545,23.764582],[-99.14551,23.764969],[-99.145475,23.765424],[-99.145429,23.765844],[-99.145401,23.766025],[-99.145335,23.766123],[-99.145318,23.766147],[-99.14531,23.766252],[-99.145307,23.766279],[-99.145293,23.766452],[-99.145264,23.766819],[-99.145251,23.767243],[-99.14524,23.767348],[-99.145229,23.767454],[-99.145213,23.767609],[-99.145168,23.767912],[-99.145151,23.768028],[-99.14508,23.768527],[-99.145011,23.769184],[-99.144971,23.769569],[-99.147384,23.769811],[-99.147316,23.77022],[-99.147263,23.77062],[-99.147243,23.770986],[-99.147225,23.771231],[-99.147198,23.77142],[-99.147152,23.771763],[-99.147129,23.771932],[-99.147081,23.77229],[-99.147015,23.773016],[-99.146984,23.773378],[-99.146977,23.773519],[-99.14697,23.77366],[-99.146739,23.773657],[-99.141396,23.773598],[-99.140935,23.773593],[-99.139992,23.773604]]]}},{"type":"Feature","id":1571,"properties":{"id":973,"entidad":28,"distrito_f":5,"distrito_l":14,"municipio":41,"seccion":1571,"tipo":2,"control":1376},"geometry":{"type":"Polygon","coordinates":[[[-99.147384,23.769811],[-99.144971,23.769569],[-99.145011,23.769184],[-99.14508,23.768527],[-99.145151,23.768028],[-99.145168,23.767912],[-99.145213,23.767609],[-99.145229,23.767454],[-99.14524,23.767348],[-99.145251,23.767243],[-99.145264,23.766819],[-99.145293,23.766452],[-99.145307,23.766279],[-99.14531,23.766252],[-99.145318,23.766147],[-99.145335,23.766123],[-99.145401,23.766025],[-99.145429,23.765844],[-99.145475,23.765424],[-99.14551,23.764969],[-99.145545,23.764582],[-99.145603,23.764139],[-99.145675,23.763616],[-99.145695,23.763425],[-99.145721,23.763213],[-99.145755,23.762736],[-99.145798,23.762274],[-99.145838,23.761795],[-99.145892,23.761182],[-99.145945,23.760698],[-99.145955,23.760523],[-99.145998,23.760128],[-99.146005,23.760066],[-99.146019,23.759837],[-99.146024,23.759744],[-99.146062,23.759261],[-99.146071,23.759145],[-99.146955,23.759205],[-99.147057,23.759212],[-99.147328,23.759242],[-99.147554,23.759258],[-99.147816,23.759283],[-99.148027,23.759294],[-99.148258,23.75932],[-99.148563,23.759331],[-99.148547,23.759434],[-99.148482,23.759838],[-99.148435,23.760314],[-99.148371,23.760853],[-99.148317,23.761286],[-99.148259,23.761808],[-99.14819,23.762275],[-99.148147,23.762681],[-99.148118,23.76309],[-99.148076,23.763477],[-99.148038,23.76385],[-99.148006,23.764103],[-99.147995,23.764188],[-99.147988,23.764252],[-99.147975,23.764361],[-99.147829,23.76564],[-99.147731,23.766481],[-99.147676,23.767055],[-99.14761,23.767692],[-99.147547,23.768259],[-99.147519,23.76853],[-99.14749,23.768802],[-99.147412,23.769375],[-99.147384,23.769811]]]}},{"type":"Feature","id":1572,"properties":{"id":1061,"entidad":28,"distrito_f":5,"distrito_l":14,"municipio":41,"seccion":1572,"tipo":2,"control":1375},"geometry":{"type":"Polygon","coordinates":[[[-99.151695,23.76392],[-99.151143,23.763954],[-99.151007,23.763933],[-99.151074,23.764123],[-99.151188,23.764394],[-99.151332,23.764737],[-99.151455,23.765104],[-99.151542,23.765364],[-99.151717,23.76603],[-99.151677,23.766446],[-99.151576,23.766874],[-99.151476,23.767201],[-99.151412,23.76746],[-99.151267,23.768051],[-99.151137,23.768581],[-99.151131,23.768602],[-99.151028,23.769024],[-99.150871,23.769663],[-99.150726,23.770269],[-99.150456,23.771393],[-99.150689,23.771721],[-99.15099,23.77212],[-99.151054,23.772207],[-99.151347,23.77263],[-99.151372,23.77267],[-99.151697,23.7732],[-99.151747,23.773352],[-99.151767,23.773428],[-99.151776,23.773459],[-99.151795,23.773643],[-99.151798,23.77368],[-99.151799,23.7737],[-99.150916,23.77369],[-99.150288,23.773683],[-99.148132,23.77366],[-99.147096,23.773661],[-99.14697,23.77366],[-99.146977,23.773519],[-99.146984,23.773378],[-99.147015,23.773016],[-99.147081,23.77229],[-99.147129,23.771932],[-99.147152,23.771763],[-99.147198,23.77142],[-99.147225,23.771231],[-99.147243,23.770986],[-99.147263,23.77062],[-99.147316,23.77022],[-99.147384,23.769811],[-99.147412,23.769375],[-99.14749,23.768802],[-99.147519,23.76853],[-99.147547,23.768259],[-99.14761,23.767692],[-99.147676,23.767055],[-99.147731,23.766481],[-99.147829,23.76564],[-99.147975,23.764361],[-99.147988,23.764252],[-99.147995,23.764188],[-99.148006,23.764103],[-99.148038,23.76385],[-99.148076,23.763477],[-99.148118,23.76309],[-99.148147,23.762681],[-99.14819,23.762275],[-99.148259,23.761808],[-99.148317,23.761286],[-99.148371,23.760853],[-99.148435,23.760314],[-99.148482,23.759838],[-99.148547,23.759434],[-99.148563,23.759331],[-99.148647,23.758489],[-99.148746,23.757542],[-99.148798,23.757549],[-99.148821,23.757552],[-99.148864,23.757558],[-99.149608,23.75763],[-99.149519,23.758541],[-99.149419,23.759372],[-99.149403,23.759504],[-99.150776,23.759597],[-99.15179,23.759673],[-99.151829,23.759676],[-99.1529,23.759757],[-99.152908,23.760172],[-99.152915,23.760549],[-99.152929,23.76088],[-99.152959,23.761253],[-99.15297,23.761675],[-99.153,23.76209],[-99.153012,23.762507],[-99.153019,23.76294],[-99.153034,23.763382],[-99.152594,23.76341],[-99.152147,23.763423],[-99.151692,23.763448],[-99.151695,23.76392]]]}},{"type":"Feature","id":1598,"properties":{"id":1026,"entidad":28,"distrito_f":5,"distrito_l":14,"municipio":41,"seccion":1598,"tipo":2,"control":2342},"geometry":{"type":"Polygon","coordinates":[[[-99.160545,23.753131],[-99.160192,23.753196],[-99.159332,23.753296],[-99.159244,23.753306],[-99.158098,23.753434],[-99.157974,23.753448],[-99.157836,23.753448],[-99.157798,23.753448],[-99.157341,23.753466],[-99.157022,23.753436],[-99.156012,23.753394],[-99.155843,23.753386],[-99.155617,23.753377],[-99.154916,23.753356],[-99.154469,23.753357],[-99.154058,23.753336],[-99.154332,23.750785],[-99.154367,23.75046],[-99.154391,23.750236],[-99.154429,23.749882],[-99.154541,23.74896],[-99.154651,23.748052],[-99.154761,23.747143],[-99.155709,23.747221],[-99.156079,23.747254],[-99.156458,23.74729],[-99.157672,23.747395],[-99.157561,23.748152],[-99.157551,23.748255],[-99.157505,23.748741],[-99.157459,23.749218],[-99.157374,23.750115],[-99.157733,23.750154],[-99.158224,23.750221],[-99.158483,23.750254],[-99.159066,23.750326],[-99.158993,23.749829],[-99.158905,23.749322],[-99.159278,23.749359],[-99.159932,23.749377],[-99.160281,23.749386],[-99.160363,23.750558],[-99.160436,23.75156],[-99.160473,23.752073],[-99.160486,23.752247],[-99.160545,23.753131]]]}},{"type":"Feature","id":1599,"properties":{"id":1033,"entidad":28,"distrito_f":5,"distrito_l":14,"municipio":41,"seccion":1599,"tipo":2,"control":1384},"geometry":{"type":"Polygon","coordinates":[[[-99.15914,23.747097],[-99.1598,23.747481],[-99.160059,23.747621],[-99.16016,23.747661],[-99.160281,23.749386],[-99.159932,23.749377],[-99.159278,23.749359],[-99.158905,23.749322],[-99.158993,23.749829],[-99.159066,23.750326],[-99.158483,23.750254],[-99.158224,23.750221],[-99.157733,23.750154],[-99.157374,23.750115],[-99.157459,23.749218],[-99.157505,23.748741],[-99.157551,23.748255],[-99.157561,23.748152],[-99.157672,23.747395],[-99.157717,23.746936],[-99.157775,23.746341],[-99.158256,23.746599],[-99.158761,23.746871],[-99.158875,23.746939],[-99.15914,23.747097]]]}},{"type":"Feature","id":1573,"properties":{"id":1085,"entidad":28,"distrito_f":5,"distrito_l":14,"municipio":41,"seccion":1573,"tipo":2,"control":1644},"geometry":{"type":"Polygon","coordinates":[[[-99.157341,23.753466],[-99.157798,23.753448],[-99.157836,23.753448],[-99.157974,23.753448],[-99.158098,23.753434],[-99.159244,23.753306],[-99.159332,23.753296],[-99.160192,23.753196],[-99.160545,23.753131],[-99.160534,23.753353],[-99.160643,23.754799],[-99.160683,23.755326],[-99.160687,23.755369],[-99.160738,23.756048],[-99.160741,23.756102],[-99.160757,23.756391],[-99.160775,23.756717],[-99.160784,23.756882],[-99.160888,23.758672],[-99.160897,23.758933],[-99.160905,23.759161],[-99.160932,23.759878],[-99.160934,23.759936],[-99.160953,23.760445],[-99.160966,23.760784],[-99.160975,23.760946],[-99.161099,23.762978],[-99.161217,23.764927],[-99.16127,23.765903],[-99.161275,23.766034],[-99.161318,23.767518],[-99.161235,23.767523],[-99.161097,23.767532],[-99.159694,23.767621],[-99.159747,23.768138],[-99.158478,23.768303],[-99.158528,23.768599],[-99.157361,23.768768],[-99.157224,23.768787],[-99.156383,23.768896],[-99.155787,23.768956],[-99.155354,23.768927],[-99.155188,23.768872],[-99.155148,23.768858],[-99.155083,23.768837],[-99.155027,23.768811],[-99.154902,23.769094],[-99.154585,23.768975],[-99.154153,23.768934],[-99.153422,23.768935],[-99.153336,23.768407],[-99.153258,23.767951],[-99.153181,23.767483],[-99.153112,23.766959],[-99.152855,23.766997],[-99.151476,23.767201],[-99.151576,23.766874],[-99.151677,23.766446],[-99.151717,23.76603],[-99.151542,23.765364],[-99.151455,23.765104],[-99.151332,23.764737],[-99.151188,23.764394],[-99.151074,23.764123],[-99.151007,23.763933],[-99.151143,23.763954],[-99.151695,23.76392],[-99.151692,23.763448],[-99.152147,23.763423],[-99.152594,23.76341],[-99.153034,23.763382],[-99.153019,23.76294],[-99.153012,23.762507],[-99.153,23.76209],[-99.15297,23.761675],[-99.152959,23.761253],[-99.152929,23.76088],[-99.152915,23.760549],[-99.152908,23.760172],[-99.1529,23.759757],[-99.151829,23.759676],[-99.15179,23.759673],[-99.150776,23.759597],[-99.149403,23.759504],[-99.149419,23.759372],[-99.149519,23.758541],[-99.149608,23.75763],[-99.150169,23.757683],[-99.150273,23.757082],[-99.150347,23.757006],[-99.150976,23.757049],[-99.15172,23.757101],[-99.151957,23.757118],[-99.153293,23.757218],[-99.154605,23.757316],[-99.155095,23.757359],[-99.155241,23.757278],[-99.155253,23.757117],[-99.155316,23.756208],[-99.155352,23.755825],[-99.155385,23.755402],[-99.155463,23.754412],[-99.155567,23.754235],[-99.155719,23.754072],[-99.155894,23.753952],[-99.155995,23.7538],[-99.156004,23.753589],[-99.156012,23.753394],[-99.157022,23.753436],[-99.157341,23.753466]]]}},{"type":"Feature","id":1574,"properties":{"id":1086,"entidad":28,"distrito_f":5,"distrito_l":14,"municipio":41,"seccion":1574,"tipo":2,"control":1398},"geometry":{"type":"Polygon","coordinates":[[[-99.165562,23.768546],[-99.16542,23.768527],[-99.164806,23.768457],[-99.162945,23.768254],[-99.162801,23.768263],[-99.161592,23.768331],[-99.161341,23.768342],[-99.161338,23.768229],[-99.161336,23.768159],[-99.161318,23.767518],[-99.161275,23.766034],[-99.16127,23.765903],[-99.161404,23.765884],[-99.162799,23.765812],[-99.163685,23.765765],[-99.163863,23.765683],[-99.163884,23.765823],[-99.163875,23.765987],[-99.165757,23.766192],[-99.16591,23.76621],[-99.165833,23.766695],[-99.165752,23.767166],[-99.16569,23.767621],[-99.165626,23.768103],[-99.165562,23.768546]]]}},{"type":"Feature","id":1575,"properties":{"id":1087,"entidad":28,"distrito_f":5,"distrito_l":14,"municipio":41,"seccion":1575,"tipo":2,"control":1397},"geometry":{"type":"Polygon","coordinates":[[[-99.168233,23.766529],[-99.16591,23.76621],[-99.165757,23.766192],[-99.163875,23.765987],[-99.163884,23.765823],[-99.163863,23.765683],[-99.163685,23.765765],[-99.162799,23.765812],[-99.161404,23.765884],[-99.16127,23.765903],[-99.161217,23.764927],[-99.161287,23.764926],[-99.162705,23.764551],[-99.162953,23.764432],[-99.163236,23.764766],[-99.16414,23.764259],[-99.165546,23.763515],[-99.167632,23.762346],[-99.167806,23.762576],[-99.167939,23.762752],[-99.168354,23.763249],[-99.168427,23.763348],[-99.168652,23.763655],[-99.168637,23.763757],[-99.16844,23.765111],[-99.168371,23.765582],[-99.168299,23.766074],[-99.168233,23.766529]]]}},{"type":"Feature","id":1576,"properties":{"id":1091,"entidad":28,"distrito_f":5,"distrito_l":14,"municipio":41,"seccion":1576,"tipo":2,"control":1645},"geometry":{"type":"Polygon","coordinates":[[[-99.173554,23.767164],[-99.173564,23.767393],[-99.173566,23.767443],[-99.17358,23.767646],[-99.173592,23.767986],[-99.173594,23.768236],[-99.173598,23.768519],[-99.173596,23.768779],[-99.173585,23.768867],[-99.17357,23.769016],[-99.173548,23.76918],[-99.173522,23.769373],[-99.173488,23.769566],[-99.173467,23.76969],[-99.173427,23.769857],[-99.173282,23.770235],[-99.173131,23.770636],[-99.17295,23.770959],[-99.172691,23.771359],[-99.172544,23.771281],[-99.172401,23.771184],[-99.172289,23.771099],[-99.172196,23.770986],[-99.17212,23.770862],[-99.171838,23.770382],[-99.171548,23.769773],[-99.171311,23.769242],[-99.169944,23.769068],[-99.169495,23.769018],[-99.16788,23.768847],[-99.167588,23.768811],[-99.16698,23.768729],[-99.165562,23.768546],[-99.165626,23.768103],[-99.16569,23.767621],[-99.165752,23.767166],[-99.165833,23.766695],[-99.16591,23.76621],[-99.168233,23.766529],[-99.168299,23.766074],[-99.168371,23.765582],[-99.16844,23.765111],[-99.168637,23.763757],[-99.168652,23.763655],[-99.168895,23.764106],[-99.169024,23.764344],[-99.169109,23.764359],[-99.169624,23.76445],[-99.169672,23.764459],[-99.169723,23.764468],[-99.173241,23.765109],[-99.173381,23.765135],[-99.17345,23.765153],[-99.173456,23.765348],[-99.173468,23.765741],[-99.173491,23.766103],[-99.173515,23.766544],[-99.173537,23.766948],[-99.173539,23.766986],[-99.173554,23.767164]]]}},{"type":"Feature","id":1577,"properties":{"id":1580,"entidad":28,"distrito_f":5,"distrito_l":14,"municipio":41,"seccion":1577,"tipo":2,"control":1393},"geometry":{"type":"Polygon","coordinates":[[[-99.190249,23.764093],[-99.186172,23.763333],[-99.184688,23.763057],[-99.181627,23.76259],[-99.181513,23.763237],[-99.180628,23.768231],[-99.173893,23.767169],[-99.173835,23.767168],[-99.17362,23.767167],[-99.173554,23.767164],[-99.173539,23.766986],[-99.173537,23.766948],[-99.173515,23.766544],[-99.173491,23.766103],[-99.173468,23.765741],[-99.173456,23.765348],[-99.17345,23.765153],[-99.173381,23.765135],[-99.173241,23.765109],[-99.169723,23.764468],[-99.169672,23.764459],[-99.169624,23.76445],[-99.169109,23.764359],[-99.169024,23.764344],[-99.168895,23.764106],[-99.168652,23.763655],[-99.168427,23.763348],[-99.168354,23.763249],[-99.167939,23.762752],[-99.167806,23.762576],[-99.167632,23.762346],[-99.167446,23.762119],[-99.167306,23.761948],[-99.167109,23.761708],[-99.167016,23.761593],[-99.166838,23.761372],[-99.166723,23.761226],[-99.166626,23.761101],[-99.166528,23.760976],[-99.166498,23.760937],[-99.166251,23.760631],[-99.165896,23.760152],[-99.166099,23.76005],[-99.166283,23.760008],[-99.166762,23.760013],[-99.166764,23.759607],[-99.166764,23.759517],[-99.166889,23.75946],[-99.166858,23.758987],[-99.166792,23.758471],[-99.166733,23.757957],[-99.166669,23.757434],[-99.166654,23.757393],[-99.166632,23.75716],[-99.169019,23.757179],[-99.169029,23.752892],[-99.169013,23.752498],[-99.168972,23.752405],[-99.168972,23.752347],[-99.168971,23.752297],[-99.168971,23.752213],[-99.16899,23.752163],[-99.169002,23.752129],[-99.169209,23.75209],[-99.169494,23.752011],[-99.169732,23.75189],[-99.170068,23.751652],[-99.170246,23.751455],[-99.170289,23.751399],[-99.170312,23.751349],[-99.17053,23.750874],[-99.17062,23.750637],[-99.170711,23.750399],[-99.170957,23.749788],[-99.171303,23.7489],[-99.171416,23.748578],[-99.171682,23.747941],[-99.171836,23.747508],[-99.17207,23.746783],[-99.172289,23.746254],[-99.172323,23.746172],[-99.172296,23.746571],[-99.17232,23.746882],[-99.172318,23.747081],[-99.17236,23.747846],[-99.172383,23.748262],[-99.172508,23.749957],[-99.172575,23.751186],[-99.172644,23.75244],[-99.172676,23.753019],[-99.172711,23.75362],[-99.17275,23.754141],[-99.172805,23.754928],[-99.172859,23.755789],[-99.17287,23.755949],[-99.173184,23.755965],[-99.173803,23.755958],[-99.17426,23.755933],[-99.174765,23.755913],[-99.175255,23.755887],[-99.175772,23.755863],[-99.176305,23.755833],[-99.176606,23.755811],[-99.176856,23.755796],[-99.17743,23.755768],[-99.177767,23.755759],[-99.177976,23.755751],[-99.178105,23.755744],[-99.178411,23.755724],[-99.178977,23.755699],[-99.17925,23.755687],[-99.179774,23.755662],[-99.179984,23.755652],[-99.180868,23.755615],[-99.181565,23.755586],[-99.18275,23.755537],[-99.182938,23.755537],[-99.182364,23.758959],[-99.183445,23.758718],[-99.184467,23.758435],[-99.185635,23.757088],[-99.185822,23.755447],[-99.183024,23.755025],[-99.18335,23.753175],[-99.18337,23.753146],[-99.184004,23.753196],[-99.184877,23.753309],[-99.185045,23.753253],[-99.185192,23.753147],[-99.18552,23.75305],[-99.185889,23.752973],[-99.186175,23.752853],[-99.186474,23.752744],[-99.186968,23.752588],[-99.187092,23.752535],[-99.187334,23.752403],[-99.187528,23.752359],[-99.187856,23.752391],[-99.188181,23.752461],[-99.188697,23.752557],[-99.188936,23.75263],[-99.18927,23.752703],[-99.189468,23.752761],[-99.189939,23.752854],[-99.190296,23.752889],[-99.190834,23.752973],[-99.192252,23.753335],[-99.192316,23.753344],[-99.192151,23.753623],[-99.191313,23.753894],[-99.190249,23.764093]]]}},{"type":"Feature","id":1578,"properties":{"id":1090,"entidad":28,"distrito_f":5,"distrito_l":14,"municipio":41,"seccion":1578,"tipo":2,"control":2382},"geometry":{"type":"Polygon","coordinates":[[[-99.184467,23.758435],[-99.183445,23.758718],[-99.182364,23.758959],[-99.182938,23.755537],[-99.183024,23.755025],[-99.185822,23.755447],[-99.185635,23.757088],[-99.184467,23.758435]]]}},{"type":"Feature","id":1579,"properties":{"id":1088,"entidad":28,"distrito_f":5,"distrito_l":14,"municipio":41,"seccion":1579,"tipo":2,"control":1646},"geometry":{"type":"Polygon","coordinates":[[[-99.161217,23.764927],[-99.161099,23.762978],[-99.160975,23.760946],[-99.161067,23.760941],[-99.162948,23.760837],[-99.164371,23.760756],[-99.166251,23.760631],[-99.166498,23.760937],[-99.166528,23.760976],[-99.166626,23.761101],[-99.166723,23.761226],[-99.166838,23.761372],[-99.167016,23.761593],[-99.167109,23.761708],[-99.167306,23.761948],[-99.167446,23.762119],[-99.167632,23.762346],[-99.165546,23.763515],[-99.16414,23.764259],[-99.163236,23.764766],[-99.162953,23.764432],[-99.162705,23.764551],[-99.161287,23.764926],[-99.161217,23.764927]]]}},{"type":"Feature","id":1580,"properties":{"id":1089,"entidad":28,"distrito_f":5,"distrito_l":14,"municipio":41,"seccion":1580,"tipo":2,"control":1396},"geometry":{"type":"Polygon","coordinates":[[[-99.166792,23.758471],[-99.166858,23.758987],[-99.166889,23.75946],[-99.166764,23.759517],[-99.166764,23.759607],[-99.166762,23.760013],[-99.166283,23.760008],[-99.166099,23.76005],[-99.165896,23.760152],[-99.166251,23.760631],[-99.164371,23.760756],[-99.162948,23.760837],[-99.161067,23.760941],[-99.160975,23.760946],[-99.160966,23.760784],[-99.160953,23.760445],[-99.160934,23.759936],[-99.160932,23.759878],[-99.160905,23.759161],[-99.160897,23.758933],[-99.160981,23.758928],[-99.162813,23.758818],[-99.165196,23.758674],[-99.166792,23.758471]]]}},{"type":"Feature","id":1588,"properties":{"id":1092,"entidad":28,"distrito_f":5,"distrito_l":14,"municipio":41,"seccion":1588,"tipo":2,"control":1459},"geometry":{"type":"Polygon","coordinates":[[[-99.125781,23.758071],[-99.125624,23.758035],[-99.125529,23.758008],[-99.125135,23.757901],[-99.124707,23.757796],[-99.124521,23.75774],[-99.124464,23.757692],[-99.124573,23.7573],[-99.124621,23.757311],[-99.124691,23.757012],[-99.124706,23.756959],[-99.124501,23.75692],[-99.124434,23.75691],[-99.124292,23.756885],[-99.12384,23.756806],[-99.123263,23.756706],[-99.123097,23.756674],[-99.122909,23.756638],[-99.122811,23.756619],[-99.123033,23.75628],[-99.123234,23.755941],[-99.123475,23.755581],[-99.123687,23.755242],[-99.123902,23.754901],[-99.124045,23.754646],[-99.123267,23.75437],[-99.121527,23.753921],[-99.121124,23.754496],[-99.120971,23.754414],[-99.121428,23.753764],[-99.123365,23.751099],[-99.123468,23.750946],[-99.123747,23.750973],[-99.124289,23.751024],[-99.12445,23.751039],[-99.124877,23.751078],[-99.126743,23.751227],[-99.127413,23.751278],[-99.129138,23.751447],[-99.130023,23.751518],[-99.131312,23.751619],[-99.132698,23.751724],[-99.133985,23.75181],[-99.134211,23.751825],[-99.134657,23.751855],[-99.135335,23.751913],[-99.135362,23.751292],[-99.135412,23.75073],[-99.135422,23.750609],[-99.135464,23.750143],[-99.135515,23.749563],[-99.135573,23.748959],[-99.135629,23.748379],[-99.135686,23.747793],[-99.135725,23.747393],[-99.135742,23.7472],[-99.137018,23.747285],[-99.137174,23.747295],[-99.137256,23.747255],[-99.136938,23.746829],[-99.137089,23.746751],[-99.137247,23.746637],[-99.137438,23.746874],[-99.137606,23.747084],[-99.137783,23.747282],[-99.138281,23.747941],[-99.138465,23.748186],[-99.138677,23.748442],[-99.138773,23.748536],[-99.14149,23.751919],[-99.14166,23.75214],[-99.141915,23.752444],[-99.141874,23.752608],[-99.141824,23.752828],[-99.141575,23.754061],[-99.141376,23.755051],[-99.141358,23.755143],[-99.140991,23.756966],[-99.1408,23.756948],[-99.140095,23.756867],[-99.14002,23.75687],[-99.139518,23.756822],[-99.139408,23.756805],[-99.138591,23.756732],[-99.13835,23.756691],[-99.137679,23.756624],[-99.137576,23.756639],[-99.136548,23.756551],[-99.136292,23.756529],[-99.136248,23.756523],[-99.136177,23.756867],[-99.13584,23.756885],[-99.135558,23.756952],[-99.135459,23.756964],[-99.135339,23.756974],[-99.135151,23.756991],[-99.1351,23.756996],[-99.134838,23.756999],[-99.134415,23.757037],[-99.134087,23.757057],[-99.133836,23.75707],[-99.133631,23.757085],[-99.133109,23.757123],[-99.132674,23.757154],[-99.132426,23.757173],[-99.132242,23.757188],[-99.131736,23.75723],[-99.131628,23.757239],[-99.131217,23.757274],[-99.12998,23.757369],[-99.130006,23.757504],[-99.130031,23.758045],[-99.130031,23.758228],[-99.130028,23.758565],[-99.130026,23.75864],[-99.130012,23.759138],[-99.130003,23.759465],[-99.129958,23.759629],[-99.12765,23.759297],[-99.127426,23.759265],[-99.125574,23.758992],[-99.12568,23.758551],[-99.125762,23.758163],[-99.125781,23.758071]]]}},{"type":"Feature","id":1589,"properties":{"id":1093,"entidad":28,"distrito_f":5,"distrito_l":14,"municipio":41,"seccion":1589,"tipo":2,"control":1465},"geometry":{"type":"Polygon","coordinates":[[[-99.121428,23.753764],[-99.120739,23.753476],[-99.120529,23.753389],[-99.120038,23.753109],[-99.119746,23.752977],[-99.119293,23.752737],[-99.118853,23.752554],[-99.118495,23.752531],[-99.117329,23.752454],[-99.11687,23.752426],[-99.116279,23.752393],[-99.116344,23.752198],[-99.116447,23.751883],[-99.116491,23.751773],[-99.116674,23.751313],[-99.116849,23.750875],[-99.117008,23.750475],[-99.117021,23.750442],[-99.117196,23.749977],[-99.117344,23.749586],[-99.117357,23.749553],[-99.11752,23.74916],[-99.117534,23.749123],[-99.117721,23.748651],[-99.117779,23.748503],[-99.117855,23.74826],[-99.117861,23.74824],[-99.117867,23.748219],[-99.11788,23.748178],[-99.117997,23.747892],[-99.118022,23.747598],[-99.117516,23.747547],[-99.117563,23.747116],[-99.11749,23.747067],[-99.117542,23.746644],[-99.117626,23.746657],[-99.117658,23.746284],[-99.117624,23.746237],[-99.11759,23.746189],[-99.117641,23.745755],[-99.11773,23.745766],[-99.119073,23.745932],[-99.119183,23.74577],[-99.119329,23.745553],[-99.119466,23.745346],[-99.119757,23.744937],[-99.120254,23.745097],[-99.120106,23.745311],[-99.119619,23.746008],[-99.119604,23.746104],[-99.119585,23.746225],[-99.119573,23.746295],[-99.120627,23.747726],[-99.120665,23.747778],[-99.120794,23.747645],[-99.121166,23.747141],[-99.12179,23.747478],[-99.12209,23.747024],[-99.122154,23.746926],[-99.122644,23.746186],[-99.122762,23.746088],[-99.122917,23.746003],[-99.12301,23.745952],[-99.12338,23.745718],[-99.123798,23.745445],[-99.124116,23.745917],[-99.124346,23.746263],[-99.12438,23.746316],[-99.124483,23.746389],[-99.125033,23.746778],[-99.125238,23.746924],[-99.125534,23.747288],[-99.125631,23.747384],[-99.125648,23.7474],[-99.125762,23.747512],[-99.125357,23.74812],[-99.124927,23.748764],[-99.124877,23.748838],[-99.124521,23.749371],[-99.124144,23.749937],[-99.123468,23.750946],[-99.123365,23.751099],[-99.121428,23.753764]]]}},{"type":"Feature","id":1590,"properties":{"id":1928,"entidad":28,"distrito_f":5,"distrito_l":14,"municipio":41,"seccion":1590,"tipo":2,"control":1464},"geometry":{"type":"Polygon","coordinates":[[[-99.121428,23.753764],[-99.120971,23.754414],[-99.119937,23.755887],[-99.119279,23.756869],[-99.118838,23.75763],[-99.118732,23.757788],[-99.117942,23.758951],[-99.117786,23.759181],[-99.117563,23.759387],[-99.117054,23.760129],[-99.116798,23.760499],[-99.116454,23.760995],[-99.116091,23.76142],[-99.11519,23.762659],[-99.115127,23.762746],[-99.114518,23.763568],[-99.114386,23.763807],[-99.114076,23.764281],[-99.113798,23.764706],[-99.109436,23.762357],[-99.108668,23.761982],[-99.107917,23.761592],[-99.107358,23.761262],[-99.107185,23.761181],[-99.106643,23.760914],[-99.106108,23.760619],[-99.105453,23.760286],[-99.104836,23.759956],[-99.103014,23.758981],[-99.103076,23.758895],[-99.103189,23.758733],[-99.103218,23.758713],[-99.103286,23.758713],[-99.103354,23.758712],[-99.103432,23.758703],[-99.103529,23.758664],[-99.103613,23.758605],[-99.103666,23.758547],[-99.103719,23.758489],[-99.10386,23.758251],[-99.104338,23.757486],[-99.104421,23.75729],[-99.104492,23.75689],[-99.104548,23.756415],[-99.104596,23.756003],[-99.104621,23.755797],[-99.104668,23.755225],[-99.105254,23.754835],[-99.10635,23.75406],[-99.106424,23.753992],[-99.106801,23.75369],[-99.107177,23.753425],[-99.107549,23.753134],[-99.108037,23.75279],[-99.10841,23.752517],[-99.108785,23.752233],[-99.10919,23.75192],[-99.109564,23.751636],[-99.109639,23.751582],[-99.109738,23.751685],[-99.109871,23.751849],[-99.110003,23.752013],[-99.110062,23.752091],[-99.110166,23.752228],[-99.110325,23.752439],[-99.11044,23.752593],[-99.110579,23.752757],[-99.110645,23.752836],[-99.110686,23.752882],[-99.110809,23.753036],[-99.110989,23.753245],[-99.111168,23.753454],[-99.111305,23.753613],[-99.11134,23.753654],[-99.111645,23.754008],[-99.111753,23.754134],[-99.111925,23.754334],[-99.11197,23.754392],[-99.112097,23.754551],[-99.11214,23.754605],[-99.112299,23.754797],[-99.112366,23.754877],[-99.112552,23.755116],[-99.112617,23.755199],[-99.112647,23.755238],[-99.112921,23.755579],[-99.113174,23.755896],[-99.11322,23.755947],[-99.113549,23.756306],[-99.113564,23.756326],[-99.113869,23.756726],[-99.114775,23.756214],[-99.11525,23.75598],[-99.11571,23.755752],[-99.116525,23.755294],[-99.116314,23.754874],[-99.116116,23.754488],[-99.116056,23.754371],[-99.116268,23.754349],[-99.116662,23.754172],[-99.116736,23.754104],[-99.116853,23.753997],[-99.117344,23.75376],[-99.117481,23.753712],[-99.117696,23.753638],[-99.118029,23.753547],[-99.118095,23.753436],[-99.118118,23.753398],[-99.118302,23.752974],[-99.118495,23.752531],[-99.118853,23.752554],[-99.119293,23.752737],[-99.119746,23.752977],[-99.120038,23.753109],[-99.120529,23.753389],[-99.120739,23.753476],[-99.121428,23.753764]]]}},{"type":"Feature","id":1591,"properties":{"id":1094,"entidad":28,"distrito_f":5,"distrito_l":14,"municipio":41,"seccion":1591,"tipo":2,"control":1462},"geometry":{"type":"Polygon","coordinates":[[[-99.131312,23.751619],[-99.130023,23.751518],[-99.129138,23.751447],[-99.127413,23.751278],[-99.126743,23.751227],[-99.124877,23.751078],[-99.12445,23.751039],[-99.124289,23.751024],[-99.123747,23.750973],[-99.123468,23.750946],[-99.124144,23.749937],[-99.124521,23.749371],[-99.124877,23.748838],[-99.124927,23.748764],[-99.125357,23.74812],[-99.125762,23.747512],[-99.125996,23.747266],[-99.126663,23.746525],[-99.126703,23.74653],[-99.126731,23.746532],[-99.12678,23.746536],[-99.128525,23.746662],[-99.129102,23.746704],[-99.130465,23.746802],[-99.131749,23.746895],[-99.131779,23.746897],[-99.131725,23.747482],[-99.13167,23.748067],[-99.131614,23.748668],[-99.131558,23.749237],[-99.131499,23.749831],[-99.13144,23.750426],[-99.131384,23.750992],[-99.131312,23.751619]]]}},{"type":"Feature","id":1592,"properties":{"id":1095,"entidad":28,"distrito_f":5,"distrito_l":14,"municipio":41,"seccion":1592,"tipo":2,"control":1460},"geometry":{"type":"Polygon","coordinates":[[[-99.135335,23.751913],[-99.134657,23.751855],[-99.134211,23.751825],[-99.133985,23.75181],[-99.132698,23.751724],[-99.131312,23.751619],[-99.131384,23.750992],[-99.13144,23.750426],[-99.131499,23.749831],[-99.131558,23.749237],[-99.131614,23.748668],[-99.13167,23.748067],[-99.131725,23.747482],[-99.131779,23.746897],[-99.133098,23.747001],[-99.134406,23.747119],[-99.135742,23.7472],[-99.135725,23.747393],[-99.135686,23.747793],[-99.135629,23.748379],[-99.135573,23.748959],[-99.135515,23.749563],[-99.135464,23.750143],[-99.135422,23.750609],[-99.135412,23.75073],[-99.135362,23.751292],[-99.135335,23.751913]]]}},{"type":"Feature","id":1593,"properties":{"id":1096,"entidad":28,"distrito_f":5,"distrito_l":14,"municipio":41,"seccion":1593,"tipo":2,"control":1457},"geometry":{"type":"Polygon","coordinates":[[[-99.135616,23.744651],[-99.135403,23.7444],[-99.134752,23.743593],[-99.133955,23.742596],[-99.133623,23.742188],[-99.133367,23.741884],[-99.132494,23.740839],[-99.132442,23.740797],[-99.132376,23.740778],[-99.132824,23.740259],[-99.13326,23.739823],[-99.133439,23.739615],[-99.133556,23.739479],[-99.133691,23.73949],[-99.133956,23.739472],[-99.136011,23.739676],[-99.136936,23.739792],[-99.137412,23.739852],[-99.138015,23.739927],[-99.138848,23.740032],[-99.139491,23.740112],[-99.140016,23.740178],[-99.14008,23.740186],[-99.140882,23.740287],[-99.141295,23.740339],[-99.141769,23.740398],[-99.142723,23.740517],[-99.14349,23.740614],[-99.143617,23.740612],[-99.143554,23.741689],[-99.143476,23.742858],[-99.143437,23.743269],[-99.143309,23.744625],[-99.1432,23.745786],[-99.14311,23.746703],[-99.143097,23.746767],[-99.142944,23.747532],[-99.142851,23.747994],[-99.142833,23.748067],[-99.142777,23.748286],[-99.142658,23.74876],[-99.142617,23.74896],[-99.142443,23.749805],[-99.14232,23.750398],[-99.14225,23.750739],[-99.142039,23.75177],[-99.141915,23.752444],[-99.14166,23.75214],[-99.14149,23.751919],[-99.138773,23.748536],[-99.138677,23.748442],[-99.138465,23.748186],[-99.138281,23.747941],[-99.137783,23.747282],[-99.137606,23.747084],[-99.137438,23.746874],[-99.137247,23.746637],[-99.135902,23.744972],[-99.135616,23.744651]]]}},{"type":"Feature","id":1607,"properties":{"id":1921,"entidad":28,"distrito_f":5,"distrito_l":14,"municipio":41,"seccion":1607,"tipo":2,"control":1466},"geometry":{"type":"Polygon","coordinates":[[[-99.118495,23.752531],[-99.118302,23.752974],[-99.118118,23.753398],[-99.118095,23.753436],[-99.118029,23.753547],[-99.117696,23.753638],[-99.117481,23.753712],[-99.117344,23.75376],[-99.116853,23.753997],[-99.116736,23.754104],[-99.116662,23.754172],[-99.116268,23.754349],[-99.116056,23.754371],[-99.116116,23.754488],[-99.116314,23.754874],[-99.116525,23.755294],[-99.11571,23.755752],[-99.11525,23.75598],[-99.114775,23.756214],[-99.113869,23.756726],[-99.113564,23.756326],[-99.113549,23.756306],[-99.11322,23.755947],[-99.113174,23.755896],[-99.112921,23.755579],[-99.112647,23.755238],[-99.112617,23.755199],[-99.112552,23.755116],[-99.112366,23.754877],[-99.112299,23.754797],[-99.11214,23.754605],[-99.112097,23.754551],[-99.11197,23.754392],[-99.111925,23.754334],[-99.111753,23.754134],[-99.111645,23.754008],[-99.11134,23.753654],[-99.111305,23.753613],[-99.111168,23.753454],[-99.110989,23.753245],[-99.110809,23.753036],[-99.110686,23.752882],[-99.110645,23.752836],[-99.110579,23.752757],[-99.11044,23.752593],[-99.110325,23.752439],[-99.110166,23.752228],[-99.110062,23.752091],[-99.110003,23.752013],[-99.109871,23.751849],[-99.109738,23.751685],[-99.109639,23.751582],[-99.10953,23.751483],[-99.109215,23.751116],[-99.108887,23.75072],[-99.108603,23.750369],[-99.108258,23.749967],[-99.107725,23.74932],[-99.107571,23.74915],[-99.107372,23.748898],[-99.107775,23.748677],[-99.108226,23.748443],[-99.108345,23.748383],[-99.10878,23.748158],[-99.109195,23.747937],[-99.109559,23.747762],[-99.109986,23.747522],[-99.110385,23.747309],[-99.110532,23.74724],[-99.110837,23.747087],[-99.111303,23.746843],[-99.112108,23.74642],[-99.111963,23.746165],[-99.111852,23.745927],[-99.111981,23.745918],[-99.11204,23.745915],[-99.112307,23.745905],[-99.11272,23.745867],[-99.112907,23.745812],[-99.113038,23.745744],[-99.113372,23.745536],[-99.113376,23.74557],[-99.113367,23.745695],[-99.113361,23.745747],[-99.113425,23.745716],[-99.114004,23.745393],[-99.114527,23.745099],[-99.114942,23.744831],[-99.115062,23.745001],[-99.115464,23.745558],[-99.116387,23.745659],[-99.11659,23.745675],[-99.117641,23.745755],[-99.11759,23.746189],[-99.117624,23.746237],[-99.117658,23.746284],[-99.117626,23.746657],[-99.117542,23.746644],[-99.11749,23.747067],[-99.117563,23.747116],[-99.117516,23.747547],[-99.118022,23.747598],[-99.117997,23.747892],[-99.11788,23.748178],[-99.117867,23.748219],[-99.117861,23.74824],[-99.117855,23.74826],[-99.117779,23.748503],[-99.117721,23.748651],[-99.117534,23.749123],[-99.11752,23.74916],[-99.117357,23.749553],[-99.117344,23.749586],[-99.117196,23.749977],[-99.117021,23.750442],[-99.117008,23.750475],[-99.116849,23.750875],[-99.116674,23.751313],[-99.116491,23.751773],[-99.116447,23.751883],[-99.116344,23.752198],[-99.116279,23.752393],[-99.11687,23.752426],[-99.117329,23.752454],[-99.118495,23.752531]]]}},{"type":"Feature","id":1608,"properties":{"id":1103,"entidad":28,"distrito_f":5,"distrito_l":14,"municipio":41,"seccion":1608,"tipo":2,"control":1756},"geometry":{"type":"Polygon","coordinates":[[[-99.114004,23.745393],[-99.113425,23.745716],[-99.113361,23.745747],[-99.113367,23.745695],[-99.113376,23.74557],[-99.113372,23.745536],[-99.113038,23.745744],[-99.112907,23.745812],[-99.11272,23.745867],[-99.112307,23.745905],[-99.11204,23.745915],[-99.111981,23.745918],[-99.111852,23.745927],[-99.111963,23.746165],[-99.112108,23.74642],[-99.111303,23.746843],[-99.110837,23.747087],[-99.110532,23.74724],[-99.110385,23.747309],[-99.109986,23.747522],[-99.109559,23.747762],[-99.109195,23.747937],[-99.10878,23.748158],[-99.108345,23.748383],[-99.108226,23.748443],[-99.107775,23.748677],[-99.107372,23.748898],[-99.107571,23.74915],[-99.107725,23.74932],[-99.107659,23.749385],[-99.104674,23.751897],[-99.104644,23.751863],[-99.104461,23.751656],[-99.103805,23.750884],[-99.103261,23.7503],[-99.102438,23.74927],[-99.102212,23.749012],[-99.102016,23.748796],[-99.101588,23.748391],[-99.101541,23.748328],[-99.10147,23.748242],[-99.101771,23.74811],[-99.102227,23.747936],[-99.102601,23.747739],[-99.102721,23.747676],[-99.103181,23.747485],[-99.103658,23.747262],[-99.104602,23.746792],[-99.104746,23.746726],[-99.1058,23.746248],[-99.105938,23.746178],[-99.107148,23.745559],[-99.107608,23.745344],[-99.108051,23.745119],[-99.108473,23.74494],[-99.108969,23.744738],[-99.109434,23.744556],[-99.10991,23.74434],[-99.110373,23.744149],[-99.110905,23.74394],[-99.111589,23.74365],[-99.112092,23.743441],[-99.112352,23.743331],[-99.112481,23.743283],[-99.113109,23.743048],[-99.113716,23.742822],[-99.113937,23.74274],[-99.114625,23.742484],[-99.116402,23.741825],[-99.11674,23.741843],[-99.117489,23.742976],[-99.117412,23.743015],[-99.117294,23.743088],[-99.117479,23.743319],[-99.117766,23.743719],[-99.118094,23.744176],[-99.118186,23.74431],[-99.118491,23.744756],[-99.118802,23.745193],[-99.119033,23.745517],[-99.119183,23.74577],[-99.119073,23.745932],[-99.11773,23.745766],[-99.117641,23.745755],[-99.11659,23.745675],[-99.116387,23.745659],[-99.115464,23.745558],[-99.115062,23.745001],[-99.114942,23.744831],[-99.114527,23.745099],[-99.114004,23.745393]]]}},{"type":"Feature","id":1609,"properties":{"id":1104,"entidad":28,"distrito_f":5,"distrito_l":14,"municipio":41,"seccion":1609,"tipo":2,"control":1468},"geometry":{"type":"Polygon","coordinates":[[[-99.120665,23.747778],[-99.120627,23.747726],[-99.119573,23.746295],[-99.119585,23.746225],[-99.119604,23.746104],[-99.119619,23.746008],[-99.120106,23.745311],[-99.120254,23.745097],[-99.119757,23.744937],[-99.119466,23.745346],[-99.119329,23.745553],[-99.119183,23.74577],[-99.119033,23.745517],[-99.118802,23.745193],[-99.118491,23.744756],[-99.118186,23.74431],[-99.118094,23.744176],[-99.117766,23.743719],[-99.117479,23.743319],[-99.117294,23.743088],[-99.117412,23.743015],[-99.117489,23.742976],[-99.117791,23.742842],[-99.117854,23.742829],[-99.11798,23.742802],[-99.118218,23.742758],[-99.118469,23.742717],[-99.118856,23.742655],[-99.118986,23.742634],[-99.11933,23.742577],[-99.119462,23.742536],[-99.119542,23.742511],[-99.119594,23.742494],[-99.119862,23.742394],[-99.119916,23.74244],[-99.11995,23.742477],[-99.120248,23.742907],[-99.120543,23.74336],[-99.120756,23.743251],[-99.120936,23.743277],[-99.1212,23.743395],[-99.121273,23.743532],[-99.121313,23.743606],[-99.121375,23.743998],[-99.121386,23.744068],[-99.121397,23.744137],[-99.121368,23.74443],[-99.121619,23.744472],[-99.121767,23.744629],[-99.122779,23.744037],[-99.123093,23.74448],[-99.123447,23.744979],[-99.123601,23.745196],[-99.123798,23.745445],[-99.12338,23.745718],[-99.12301,23.745952],[-99.122917,23.746003],[-99.122762,23.746088],[-99.122644,23.746186],[-99.122154,23.746926],[-99.12209,23.747024],[-99.12179,23.747478],[-99.121166,23.747141],[-99.120794,23.747645],[-99.120665,23.747778]]]}},{"type":"Feature","id":1610,"properties":{"id":1105,"entidad":28,"distrito_f":5,"distrito_l":14,"municipio":41,"seccion":1610,"tipo":2,"control":1469},"geometry":{"type":"Polygon","coordinates":[[[-99.127792,23.74436],[-99.127881,23.744439],[-99.127974,23.744543],[-99.127972,23.744658],[-99.128001,23.744747],[-99.128095,23.744824],[-99.127549,23.745369],[-99.127096,23.745848],[-99.12724,23.745957],[-99.127125,23.746078],[-99.126663,23.746525],[-99.125996,23.747266],[-99.125762,23.747512],[-99.125648,23.7474],[-99.125631,23.747384],[-99.125534,23.747288],[-99.125238,23.746924],[-99.125033,23.746778],[-99.124483,23.746389],[-99.12438,23.746316],[-99.124346,23.746263],[-99.124116,23.745917],[-99.123798,23.745445],[-99.123601,23.745196],[-99.123447,23.744979],[-99.123093,23.74448],[-99.122779,23.744037],[-99.12412,23.743232],[-99.124237,23.74316],[-99.124691,23.74288],[-99.124956,23.742717],[-99.124996,23.742692],[-99.125594,23.742322],[-99.125931,23.742747],[-99.125959,23.742783],[-99.126053,23.742902],[-99.126069,23.742922],[-99.12611,23.742974],[-99.126529,23.743267],[-99.126589,23.743309],[-99.126969,23.743616],[-99.127008,23.743648],[-99.127114,23.743743],[-99.127427,23.744024],[-99.127626,23.744202],[-99.127792,23.74436]]]}},{"type":"Feature","id":1611,"properties":{"id":1106,"entidad":28,"distrito_f":5,"distrito_l":14,"municipio":41,"seccion":1611,"tipo":2,"control":1475},"geometry":{"type":"Polygon","coordinates":[[[-99.121767,23.744629],[-99.121619,23.744472],[-99.121368,23.74443],[-99.121397,23.744137],[-99.121386,23.744068],[-99.121375,23.743998],[-99.121313,23.743606],[-99.121273,23.743532],[-99.1212,23.743395],[-99.120936,23.743277],[-99.120756,23.743251],[-99.120543,23.74336],[-99.120248,23.742907],[-99.11995,23.742477],[-99.119916,23.74244],[-99.119862,23.742394],[-99.119801,23.742299],[-99.12098,23.741489],[-99.122278,23.740595],[-99.122397,23.740514],[-99.123681,23.739633],[-99.124124,23.739425],[-99.124121,23.740294],[-99.12412,23.740329],[-99.124107,23.741276],[-99.124585,23.741144],[-99.124695,23.741114],[-99.124978,23.741933],[-99.125263,23.741863],[-99.125296,23.741855],[-99.125329,23.741847],[-99.125575,23.742288],[-99.125594,23.742322],[-99.124996,23.742692],[-99.124956,23.742717],[-99.124691,23.74288],[-99.124237,23.74316],[-99.12412,23.743232],[-99.122779,23.744037],[-99.121767,23.744629]]]}},{"type":"Feature","id":1612,"properties":{"id":1107,"entidad":28,"distrito_f":5,"distrito_l":14,"municipio":41,"seccion":1612,"tipo":2,"control":1470},"geometry":{"type":"Polygon","coordinates":[[[-99.131711,23.739844],[-99.131786,23.739943],[-99.131949,23.740141],[-99.132051,23.740261],[-99.13219,23.740425],[-99.132238,23.740482],[-99.132376,23.740778],[-99.132198,23.740961],[-99.131935,23.741231],[-99.130814,23.742382],[-99.129937,23.743243],[-99.128025,23.745133],[-99.12724,23.745957],[-99.127096,23.745848],[-99.127549,23.745369],[-99.128095,23.744824],[-99.128001,23.744747],[-99.127972,23.744658],[-99.127974,23.744543],[-99.127881,23.744439],[-99.127792,23.74436],[-99.127626,23.744202],[-99.127427,23.744024],[-99.127114,23.743743],[-99.127008,23.743648],[-99.126969,23.743616],[-99.126589,23.743309],[-99.126529,23.743267],[-99.12611,23.742974],[-99.126069,23.742922],[-99.126053,23.742902],[-99.125959,23.742783],[-99.125931,23.742747],[-99.125594,23.742322],[-99.125575,23.742288],[-99.125329,23.741847],[-99.125974,23.74169],[-99.126923,23.741458],[-99.127033,23.741431],[-99.126755,23.740554],[-99.126723,23.740455],[-99.126477,23.739681],[-99.126476,23.739646],[-99.12647,23.739432],[-99.12648,23.738962],[-99.126485,23.73875],[-99.126474,23.73789],[-99.126474,23.73786],[-99.126499,23.736915],[-99.126625,23.736866],[-99.126969,23.736735],[-99.127528,23.73652],[-99.127923,23.736369],[-99.12806,23.736317],[-99.129433,23.735821],[-99.129554,23.735777],[-99.130154,23.735578],[-99.130515,23.735618],[-99.130509,23.73569],[-99.130487,23.735911],[-99.130335,23.737385],[-99.130389,23.737759],[-99.130412,23.737913],[-99.130418,23.737959],[-99.130514,23.738162],[-99.130597,23.738338],[-99.130798,23.738668],[-99.131446,23.7395],[-99.131618,23.739719],[-99.131671,23.739789],[-99.131711,23.739844]]]}},{"type":"Feature","id":1620,"properties":{"id":2173,"entidad":28,"distrito_f":5,"distrito_l":15,"municipio":41,"seccion":1620,"tipo":2,"control":1388},"geometry":{"type":"Polygon","coordinates":[[[-99.17486,23.736505],[-99.174462,23.736652],[-99.172751,23.737203],[-99.172556,23.736405],[-99.17254,23.736337],[-99.171588,23.736553],[-99.171488,23.736575],[-99.170422,23.736727],[-99.170371,23.736735],[-99.169853,23.736794],[-99.169315,23.736825],[-99.168237,23.736886],[-99.16716,23.736947],[-99.166068,23.736995],[-99.165044,23.737056],[-99.163944,23.737123],[-99.162838,23.737178],[-99.161774,23.737231],[-99.160729,23.737283],[-99.159646,23.737337],[-99.159391,23.73735],[-99.159387,23.737294],[-99.15937,23.737068],[-99.159341,23.736663],[-99.159313,23.736269],[-99.159275,23.735731],[-99.159269,23.735492],[-99.1595,23.735494],[-99.159832,23.735496],[-99.160432,23.7355],[-99.160566,23.735491],[-99.161115,23.735457],[-99.161647,23.735421],[-99.162724,23.735372],[-99.163803,23.73532],[-99.164882,23.735252],[-99.165943,23.735216],[-99.166019,23.735216],[-99.167047,23.73516],[-99.168116,23.735101],[-99.169196,23.735042],[-99.170287,23.734982],[-99.171378,23.734922],[-99.171933,23.734892],[-99.172474,23.734849],[-99.172991,23.73483],[-99.173285,23.734813],[-99.173791,23.734784],[-99.174448,23.734746],[-99.17522,23.734706],[-99.175272,23.734921],[-99.1755,23.73542],[-99.175799,23.736139],[-99.175738,23.736181],[-99.17486,23.736505]]]}},{"type":"Feature","id":1621,"properties":{"id":2111,"entidad":28,"distrito_f":5,"distrito_l":15,"municipio":41,"seccion":1621,"tipo":2,"control":1403},"geometry":{"type":"Polygon","coordinates":[[[-99.1932,23.735212],[-99.191282,23.734982],[-99.190381,23.735133],[-99.186204,23.734684],[-99.186245,23.734276],[-99.186299,23.733734],[-99.186315,23.733575],[-99.186207,23.733477],[-99.185898,23.733479],[-99.185818,23.733522],[-99.185385,23.733747],[-99.18381,23.733925],[-99.182755,23.734127],[-99.182698,23.734153],[-99.181995,23.734153],[-99.181244,23.734249],[-99.180807,23.734362],[-99.180549,23.734353],[-99.179766,23.734389],[-99.179671,23.734416],[-99.177388,23.734553],[-99.17726,23.73454],[-99.177187,23.734556],[-99.176953,23.734606],[-99.176881,23.734632],[-99.176835,23.734649],[-99.176813,23.734654],[-99.176577,23.735315],[-99.17649,23.735307],[-99.176421,23.735301],[-99.176385,23.735298],[-99.175952,23.736507],[-99.175799,23.736139],[-99.1755,23.73542],[-99.175272,23.734921],[-99.17522,23.734706],[-99.174448,23.734746],[-99.173791,23.734784],[-99.173285,23.734813],[-99.172991,23.73483],[-99.172474,23.734849],[-99.171933,23.734892],[-99.171378,23.734922],[-99.170287,23.734982],[-99.170256,23.734523],[-99.170226,23.734064],[-99.169125,23.734146],[-99.169075,23.733202],[-99.170165,23.733146],[-99.170722,23.733123],[-99.171235,23.733102],[-99.172305,23.733059],[-99.172895,23.733029],[-99.17314,23.733017],[-99.173654,23.732991],[-99.175072,23.732932],[-99.177145,23.732848],[-99.177302,23.73285],[-99.177462,23.732853],[-99.177891,23.731677],[-99.177995,23.731677],[-99.18276,23.731713],[-99.182804,23.731713],[-99.182798,23.731265],[-99.183731,23.731235],[-99.18585,23.731239],[-99.18589,23.73124],[-99.186533,23.731254],[-99.18865,23.731354],[-99.190552,23.73148],[-99.193556,23.731948],[-99.1932,23.735212]]]}},{"type":"Feature","id":1622,"properties":{"id":1108,"entidad":28,"distrito_f":5,"distrito_l":15,"municipio":41,"seccion":1622,"tipo":2,"control":1408},"geometry":{"type":"Polygon","coordinates":[[[-99.170287,23.734982],[-99.169196,23.735042],[-99.168116,23.735101],[-99.167047,23.73516],[-99.166019,23.735216],[-99.165943,23.735216],[-99.164882,23.735252],[-99.163803,23.73532],[-99.162724,23.735372],[-99.161647,23.735421],[-99.161115,23.735457],[-99.160566,23.735491],[-99.160432,23.7355],[-99.159832,23.735496],[-99.1595,23.735494],[-99.159269,23.735492],[-99.159267,23.735414],[-99.159247,23.734586],[-99.159231,23.733951],[-99.15923,23.73391],[-99.159226,23.733725],[-99.159728,23.7337],[-99.159794,23.733697],[-99.15984,23.733695],[-99.160473,23.733663],[-99.161008,23.733637],[-99.161543,23.733611],[-99.162618,23.733558],[-99.163685,23.733505],[-99.164664,23.733433],[-99.164762,23.73343],[-99.165766,23.733401],[-99.165834,23.733396],[-99.165902,23.733392],[-99.166868,23.733328],[-99.166921,23.733325],[-99.168022,23.733262],[-99.169075,23.733202],[-99.169125,23.734146],[-99.170226,23.734064],[-99.170256,23.734523],[-99.170287,23.734982]]]}},{"type":"Feature","id":1623,"properties":{"id":1109,"entidad":28,"distrito_f":5,"distrito_l":15,"municipio":41,"seccion":1623,"tipo":2,"control":1428},"geometry":{"type":"Polygon","coordinates":[[[-99.157621,23.739093],[-99.15757,23.738997],[-99.15777,23.737303],[-99.156845,23.737173],[-99.15697,23.73603],[-99.157016,23.735613],[-99.157067,23.735203],[-99.157121,23.734763],[-99.157171,23.734355],[-99.157285,23.733434],[-99.157336,23.732946],[-99.157374,23.732585],[-99.15742,23.732133],[-99.157475,23.731672],[-99.157576,23.730828],[-99.157588,23.730728],[-99.157649,23.730229],[-99.157679,23.729964],[-99.157744,23.729403],[-99.157781,23.729093],[-99.157799,23.728945],[-99.157887,23.728207],[-99.157986,23.727368],[-99.158007,23.727198],[-99.158074,23.726537],[-99.158113,23.726161],[-99.15813,23.725987],[-99.158142,23.725877],[-99.158156,23.725712],[-99.158161,23.72565],[-99.158225,23.724911],[-99.158246,23.724728],[-99.158344,23.723871],[-99.158372,23.72363],[-99.158467,23.723422],[-99.158528,23.72329],[-99.158564,23.723483],[-99.158566,23.723518],[-99.158677,23.725416],[-99.158682,23.725498],[-99.158688,23.725614],[-99.158692,23.725671],[-99.158701,23.725825],[-99.158748,23.726631],[-99.158762,23.726874],[-99.158787,23.727311],[-99.15879,23.727352],[-99.158796,23.727458],[-99.158839,23.728316],[-99.158906,23.729221],[-99.158981,23.730159],[-99.159017,23.730825],[-99.159022,23.730912],[-99.159029,23.730993],[-99.159074,23.731516],[-99.159207,23.733448],[-99.159226,23.733725],[-99.15923,23.73391],[-99.159231,23.733951],[-99.159247,23.734586],[-99.159267,23.735414],[-99.159269,23.735492],[-99.159275,23.735731],[-99.159313,23.736269],[-99.159341,23.736663],[-99.15937,23.737068],[-99.159387,23.737294],[-99.159391,23.73735],[-99.159533,23.739338],[-99.159399,23.739321],[-99.15858,23.739216],[-99.157621,23.739093]]]}},{"type":"Feature","id":1624,"properties":{"id":1110,"entidad":28,"distrito_f":5,"distrito_l":15,"municipio":41,"seccion":1624,"tipo":2,"control":1429},"geometry":{"type":"Polygon","coordinates":[[[-99.156643,23.738967],[-99.155358,23.738802],[-99.155464,23.737903],[-99.155569,23.737009],[-99.155631,23.736481],[-99.155692,23.735912],[-99.155781,23.735078],[-99.155881,23.734215],[-99.155986,23.733313],[-99.156093,23.73245],[-99.156286,23.730781],[-99.156398,23.729794],[-99.156498,23.728928],[-99.156598,23.72806],[-99.157887,23.728207],[-99.157799,23.728945],[-99.157781,23.729093],[-99.157744,23.729403],[-99.157679,23.729964],[-99.157649,23.730229],[-99.157588,23.730728],[-99.157576,23.730828],[-99.157475,23.731672],[-99.15742,23.732133],[-99.157374,23.732585],[-99.157336,23.732946],[-99.157285,23.733434],[-99.157171,23.734355],[-99.157121,23.734763],[-99.157067,23.735203],[-99.157016,23.735613],[-99.15697,23.73603],[-99.156845,23.737173],[-99.156809,23.73751],[-99.156751,23.73804],[-99.156746,23.738085],[-99.156643,23.738967]]]}},{"type":"Feature","id":1625,"properties":{"id":1111,"entidad":28,"distrito_f":5,"distrito_l":15,"municipio":41,"seccion":1625,"tipo":2,"control":1431},"geometry":{"type":"Polygon","coordinates":[[[-99.155358,23.738802],[-99.154497,23.738691],[-99.154597,23.73779],[-99.154688,23.736911],[-99.1548,23.735835],[-99.154884,23.734967],[-99.154965,23.734122],[-99.15505,23.733236],[-99.155052,23.733216],[-99.155057,23.733166],[-99.155149,23.732354],[-99.155203,23.731875],[-99.155318,23.730766],[-99.155321,23.730743],[-99.155434,23.729656],[-99.155526,23.728778],[-99.155559,23.728461],[-99.155611,23.727935],[-99.155695,23.727087],[-99.155731,23.726721],[-99.155779,23.726266],[-99.155782,23.726238],[-99.155875,23.725359],[-99.155981,23.72445],[-99.156072,23.723614],[-99.156121,23.72313],[-99.156166,23.722682],[-99.156201,23.722282],[-99.156213,23.722162],[-99.156218,23.72209],[-99.156234,23.721824],[-99.156644,23.722026],[-99.157618,23.722043],[-99.158345,23.721764],[-99.158396,23.721724],[-99.158413,23.722075],[-99.158431,23.722253],[-99.158433,23.722311],[-99.158451,23.722829],[-99.158469,23.722959],[-99.158481,23.723044],[-99.158528,23.72329],[-99.158467,23.723422],[-99.158372,23.72363],[-99.158344,23.723871],[-99.15789,23.723826],[-99.157211,23.723758],[-99.157057,23.723743],[-99.156971,23.724581],[-99.156879,23.725471],[-99.156858,23.725674],[-99.156782,23.726376],[-99.156692,23.727197],[-99.156598,23.72806],[-99.156498,23.728928],[-99.156398,23.729794],[-99.156286,23.730781],[-99.156093,23.73245],[-99.155986,23.733313],[-99.155881,23.734215],[-99.155781,23.735078],[-99.155692,23.735912],[-99.155631,23.736481],[-99.155569,23.737009],[-99.155464,23.737903],[-99.155358,23.738802]]]}},{"type":"Feature","id":1626,"properties":{"id":1112,"entidad":28,"distrito_f":5,"distrito_l":15,"municipio":41,"seccion":1626,"tipo":2,"control":1432},"geometry":{"type":"Polygon","coordinates":[[[-99.154497,23.738691],[-99.153594,23.738574],[-99.153676,23.737942],[-99.153699,23.737675],[-99.153742,23.737202],[-99.15379,23.736798],[-99.153815,23.736585],[-99.153893,23.735766],[-99.153978,23.734884],[-99.154059,23.734038],[-99.154144,23.73315],[-99.154229,23.732255],[-99.154399,23.730721],[-99.154511,23.72953],[-99.154603,23.728662],[-99.15469,23.727817],[-99.154788,23.726989],[-99.15488,23.72614],[-99.154929,23.725517],[-99.154949,23.725259],[-99.155045,23.724344],[-99.155108,23.723505],[-99.15523,23.722018],[-99.155238,23.721796],[-99.155241,23.721715],[-99.155253,23.721608],[-99.155313,23.721621],[-99.156234,23.721824],[-99.156218,23.72209],[-99.156213,23.722162],[-99.156201,23.722282],[-99.156166,23.722682],[-99.156121,23.72313],[-99.156072,23.723614],[-99.155981,23.72445],[-99.155875,23.725359],[-99.155782,23.726238],[-99.155779,23.726266],[-99.155731,23.726721],[-99.155695,23.727087],[-99.155611,23.727935],[-99.155559,23.728461],[-99.155526,23.728778],[-99.155434,23.729656],[-99.155321,23.730743],[-99.155318,23.730766],[-99.155203,23.731875],[-99.155149,23.732354],[-99.155057,23.733166],[-99.155052,23.733216],[-99.15505,23.733236],[-99.154965,23.734122],[-99.154884,23.734967],[-99.1548,23.735835],[-99.154688,23.736911],[-99.154597,23.73779],[-99.154497,23.738691]]]}},{"type":"Feature","id":1627,"properties":{"id":1113,"entidad":28,"distrito_f":5,"distrito_l":15,"municipio":41,"seccion":1627,"tipo":2,"control":1433},"geometry":{"type":"Polygon","coordinates":[[[-99.153594,23.738574],[-99.152697,23.738458],[-99.152746,23.737977],[-99.152789,23.737565],[-99.15288,23.736686],[-99.152984,23.735678],[-99.152994,23.735588],[-99.153074,23.734793],[-99.153136,23.734169],[-99.153159,23.733938],[-99.153246,23.733064],[-99.153283,23.732699],[-99.153336,23.732166],[-99.153457,23.730962],[-99.153485,23.730682],[-99.153595,23.729592],[-99.153612,23.729403],[-99.153615,23.729376],[-99.153692,23.728539],[-99.153694,23.728516],[-99.153789,23.727691],[-99.153884,23.726865],[-99.153966,23.726045],[-99.154055,23.725139],[-99.154142,23.724205],[-99.154217,23.723394],[-99.154286,23.722652],[-99.154319,23.722292],[-99.154325,23.72225],[-99.154323,23.721918],[-99.15432,23.721833],[-99.154295,23.72145],[-99.154688,23.721491],[-99.155212,23.7216],[-99.155253,23.721608],[-99.155241,23.721715],[-99.155238,23.721796],[-99.15523,23.722018],[-99.155108,23.723505],[-99.155045,23.724344],[-99.154949,23.725259],[-99.154929,23.725517],[-99.15488,23.72614],[-99.154788,23.726989],[-99.15469,23.727817],[-99.154603,23.728662],[-99.154511,23.72953],[-99.154399,23.730721],[-99.154229,23.732255],[-99.154144,23.73315],[-99.154059,23.734038],[-99.153978,23.734884],[-99.153893,23.735766],[-99.153815,23.736585],[-99.15379,23.736798],[-99.153742,23.737202],[-99.153699,23.737675],[-99.153676,23.737942],[-99.153594,23.738574]]]}},{"type":"Feature","id":1628,"properties":{"id":1114,"entidad":28,"distrito_f":5,"distrito_l":15,"municipio":41,"seccion":1628,"tipo":2,"control":1434},"geometry":{"type":"Polygon","coordinates":[[[-99.152697,23.738458],[-99.152158,23.738388],[-99.15184,23.738294],[-99.151664,23.738278],[-99.151467,23.738309],[-99.151057,23.738246],[-99.151153,23.737348],[-99.151159,23.737292],[-99.151238,23.736496],[-99.151333,23.735528],[-99.151416,23.734636],[-99.15148,23.73395],[-99.151498,23.733775],[-99.15157,23.732909],[-99.151636,23.73201],[-99.151747,23.730709],[-99.151794,23.730637],[-99.151902,23.729141],[-99.151987,23.728303],[-99.152059,23.727481],[-99.152132,23.726647],[-99.152136,23.726595],[-99.152235,23.725812],[-99.152238,23.725788],[-99.152256,23.725651],[-99.152282,23.725282],[-99.152369,23.724082],[-99.152374,23.724011],[-99.152372,23.723987],[-99.152365,23.723901],[-99.152359,23.723822],[-99.151911,23.723591],[-99.152086,23.723489],[-99.152178,23.72326],[-99.152403,23.723051],[-99.15249,23.722664],[-99.152565,23.722336],[-99.152571,23.722306],[-99.152773,23.722219],[-99.152792,23.722203],[-99.153514,23.721584],[-99.154295,23.72145],[-99.15432,23.721833],[-99.154323,23.721918],[-99.154325,23.72225],[-99.154319,23.722292],[-99.154286,23.722652],[-99.154217,23.723394],[-99.154142,23.724205],[-99.154055,23.725139],[-99.153966,23.726045],[-99.153884,23.726865],[-99.153789,23.727691],[-99.153694,23.728516],[-99.153692,23.728539],[-99.153615,23.729376],[-99.153612,23.729403],[-99.153595,23.729592],[-99.153485,23.730682],[-99.153457,23.730962],[-99.153336,23.732166],[-99.153283,23.732699],[-99.153246,23.733064],[-99.153159,23.733938],[-99.153136,23.734169],[-99.153074,23.734793],[-99.152994,23.735588],[-99.152984,23.735678],[-99.15288,23.736686],[-99.152789,23.737565],[-99.152746,23.737977],[-99.152697,23.738458]]]}},{"type":"Feature","id":1629,"properties":{"id":1115,"entidad":28,"distrito_f":5,"distrito_l":15,"municipio":41,"seccion":1629,"tipo":2,"control":1435},"geometry":{"type":"Polygon","coordinates":[[[-99.151057,23.738246],[-99.150138,23.738116],[-99.149219,23.737985],[-99.149293,23.737112],[-99.149341,23.736549],[-99.149375,23.736255],[-99.149481,23.735338],[-99.149585,23.734442],[-99.14966,23.733787],[-99.149682,23.733583],[-99.149775,23.732733],[-99.149871,23.731879],[-99.150021,23.730556],[-99.150051,23.730129],[-99.150191,23.728874],[-99.150214,23.728669],[-99.150279,23.728087],[-99.150352,23.72743],[-99.150369,23.727234],[-99.150424,23.726593],[-99.150432,23.726496],[-99.150385,23.726396],[-99.150342,23.726341],[-99.150271,23.72625],[-99.150217,23.726181],[-99.150097,23.726028],[-99.150601,23.725546],[-99.151105,23.724928],[-99.151347,23.72463],[-99.151599,23.724236],[-99.151911,23.723591],[-99.152359,23.723822],[-99.152365,23.723901],[-99.152372,23.723987],[-99.152374,23.724011],[-99.152369,23.724082],[-99.152282,23.725282],[-99.152256,23.725651],[-99.152238,23.725788],[-99.152235,23.725812],[-99.152136,23.726595],[-99.152132,23.726647],[-99.152059,23.727481],[-99.151987,23.728303],[-99.151902,23.729141],[-99.151794,23.730637],[-99.151747,23.730709],[-99.151636,23.73201],[-99.15157,23.732909],[-99.151498,23.733775],[-99.15148,23.73395],[-99.151416,23.734636],[-99.151333,23.735528],[-99.151238,23.736496],[-99.151159,23.737292],[-99.151153,23.737348],[-99.151057,23.738246]]]}},{"type":"Feature","id":1630,"properties":{"id":1116,"entidad":28,"distrito_f":5,"distrito_l":15,"municipio":41,"seccion":1630,"tipo":2,"control":1436},"geometry":{"type":"Polygon","coordinates":[[[-99.149219,23.737985],[-99.148377,23.737856],[-99.148458,23.737011],[-99.148466,23.736926],[-99.148555,23.736156],[-99.148657,23.735274],[-99.148734,23.73438],[-99.148807,23.733528],[-99.148882,23.732649],[-99.148954,23.731812],[-99.149059,23.730544],[-99.149101,23.730018],[-99.149179,23.728841],[-99.149237,23.727965],[-99.148949,23.72793],[-99.1489,23.727924],[-99.148773,23.727909],[-99.14873,23.727903],[-99.148673,23.727897],[-99.148211,23.727754],[-99.148517,23.727626],[-99.148731,23.727371],[-99.149174,23.72684],[-99.149313,23.726776],[-99.149758,23.726351],[-99.149935,23.726182],[-99.150097,23.726028],[-99.150217,23.726181],[-99.150271,23.72625],[-99.150342,23.726341],[-99.150385,23.726396],[-99.150432,23.726496],[-99.150424,23.726593],[-99.150369,23.727234],[-99.150352,23.72743],[-99.150279,23.728087],[-99.150214,23.728669],[-99.150191,23.728874],[-99.150051,23.730129],[-99.150021,23.730556],[-99.149871,23.731879],[-99.149775,23.732733],[-99.149682,23.733583],[-99.14966,23.733787],[-99.149585,23.734442],[-99.149481,23.735338],[-99.149375,23.736255],[-99.149341,23.736549],[-99.149293,23.737112],[-99.149219,23.737985]]]}},{"type":"Feature","id":1631,"properties":{"id":1117,"entidad":28,"distrito_f":5,"distrito_l":15,"municipio":41,"seccion":1631,"tipo":2,"control":1437},"geometry":{"type":"Polygon","coordinates":[[[-99.148377,23.737856],[-99.147491,23.737755],[-99.146536,23.737648],[-99.145561,23.737527],[-99.144715,23.737423],[-99.143833,23.737314],[-99.142932,23.737198],[-99.142007,23.737079],[-99.141899,23.737066],[-99.141183,23.736995],[-99.141115,23.736989],[-99.14037,23.736894],[-99.14033,23.736889],[-99.139155,23.73673],[-99.139112,23.736724],[-99.138255,23.736606],[-99.138231,23.736603],[-99.137293,23.736494],[-99.136463,23.736358],[-99.136529,23.735782],[-99.136633,23.734967],[-99.137419,23.735047],[-99.138369,23.735145],[-99.139316,23.735218],[-99.140441,23.735306],[-99.141297,23.735373],[-99.142152,23.735447],[-99.143024,23.735523],[-99.143956,23.735598],[-99.14486,23.73569],[-99.145712,23.7358],[-99.146696,23.735928],[-99.147626,23.736049],[-99.148555,23.736156],[-99.148466,23.736926],[-99.148458,23.737011],[-99.148377,23.737856]]]}},{"type":"Feature","id":1632,"properties":{"id":1118,"entidad":28,"distrito_f":5,"distrito_l":15,"municipio":41,"seccion":1632,"tipo":2,"control":1471},"geometry":{"type":"Polygon","coordinates":[[[-99.131711,23.739844],[-99.131671,23.739789],[-99.131618,23.739719],[-99.131446,23.7395],[-99.130798,23.738668],[-99.130597,23.738338],[-99.130514,23.738162],[-99.130418,23.737959],[-99.130412,23.737913],[-99.130389,23.737759],[-99.130335,23.737385],[-99.130487,23.735911],[-99.130509,23.73569],[-99.130515,23.735618],[-99.130523,23.735468],[-99.130527,23.735392],[-99.130607,23.734371],[-99.130672,23.733602],[-99.13075,23.732853],[-99.13077,23.732752],[-99.130807,23.732756],[-99.131016,23.732782],[-99.131546,23.732818],[-99.132435,23.732879],[-99.133141,23.732938],[-99.133573,23.732976],[-99.134021,23.733012],[-99.134898,23.733068],[-99.134936,23.73307],[-99.135787,23.733136],[-99.136796,23.733215],[-99.136861,23.73322],[-99.13676,23.73412],[-99.136633,23.734967],[-99.136529,23.735782],[-99.136463,23.736358],[-99.136415,23.736782],[-99.13622,23.736993],[-99.13573,23.737434],[-99.13516,23.737947],[-99.134617,23.738463],[-99.133556,23.739479],[-99.133439,23.739615],[-99.13326,23.739823],[-99.132824,23.740259],[-99.132376,23.740778],[-99.132238,23.740482],[-99.13219,23.740425],[-99.132051,23.740261],[-99.131949,23.740141],[-99.131786,23.739943],[-99.131711,23.739844]]]}},{"type":"Feature","id":1633,"properties":{"id":1119,"entidad":28,"distrito_f":5,"distrito_l":15,"municipio":41,"seccion":1633,"tipo":2,"control":1472},"geometry":{"type":"Polygon","coordinates":[[[-99.124978,23.741933],[-99.124695,23.741114],[-99.124585,23.741144],[-99.124107,23.741276],[-99.12412,23.740329],[-99.124121,23.740294],[-99.124124,23.739425],[-99.123681,23.739633],[-99.123488,23.739349],[-99.123206,23.738932],[-99.12285,23.738406],[-99.122801,23.738332],[-99.122495,23.737904],[-99.122253,23.737566],[-99.122156,23.737433],[-99.122137,23.737407],[-99.121782,23.736921],[-99.121456,23.736475],[-99.121102,23.735991],[-99.121621,23.736008],[-99.121658,23.735586],[-99.121667,23.735477],[-99.12328,23.735623],[-99.123238,23.736087],[-99.123213,23.736436],[-99.123204,23.736541],[-99.123988,23.736597],[-99.12493,23.736663],[-99.125872,23.736729],[-99.125853,23.73715],[-99.126012,23.737095],[-99.126499,23.736915],[-99.126474,23.73786],[-99.126474,23.73789],[-99.126485,23.73875],[-99.12648,23.738962],[-99.12647,23.739432],[-99.126476,23.739646],[-99.126477,23.739681],[-99.126723,23.740455],[-99.126755,23.740554],[-99.127033,23.741431],[-99.126923,23.741458],[-99.125974,23.74169],[-99.125329,23.741847],[-99.125296,23.741855],[-99.125263,23.741863],[-99.124978,23.741933]]]}},{"type":"Feature","id":1634,"properties":{"id":1120,"entidad":28,"distrito_f":5,"distrito_l":15,"municipio":41,"seccion":1634,"tipo":2,"control":1473},"geometry":{"type":"Polygon","coordinates":[[[-99.119801,23.742299],[-99.119432,23.741806],[-99.119105,23.741355],[-99.118755,23.740872],[-99.118671,23.740756],[-99.118404,23.740377],[-99.118048,23.73987],[-99.117776,23.739482],[-99.117718,23.739398],[-99.117628,23.739267],[-99.117389,23.738889],[-99.117117,23.738512],[-99.117024,23.738383],[-99.117982,23.737819],[-99.118237,23.737668],[-99.118613,23.738163],[-99.119965,23.737332],[-99.120106,23.737246],[-99.121456,23.736475],[-99.121782,23.736921],[-99.122137,23.737407],[-99.122156,23.737433],[-99.122253,23.737566],[-99.122495,23.737904],[-99.122801,23.738332],[-99.12285,23.738406],[-99.123206,23.738932],[-99.123488,23.739349],[-99.123681,23.739633],[-99.122397,23.740514],[-99.122278,23.740595],[-99.12098,23.741489],[-99.119801,23.742299]]]}},{"type":"Feature","id":1636,"properties":{"id":1123,"entidad":28,"distrito_f":5,"distrito_l":14,"municipio":41,"seccion":1636,"tipo":2,"control":1476},"geometry":{"type":"Polygon","coordinates":[[[-99.105639,23.742646],[-99.105851,23.742559],[-99.106064,23.742471],[-99.106807,23.742165],[-99.107541,23.74187],[-99.107919,23.741676],[-99.108009,23.741637],[-99.108446,23.741452],[-99.108907,23.741256],[-99.109426,23.741043],[-99.110137,23.74075],[-99.110348,23.741171],[-99.110753,23.740805],[-99.110498,23.740274],[-99.111658,23.73959],[-99.112752,23.738912],[-99.113884,23.73824],[-99.113951,23.738202],[-99.114017,23.738165],[-99.114083,23.738127],[-99.114418,23.737936],[-99.114751,23.738413],[-99.115084,23.738891],[-99.115412,23.739366],[-99.11543,23.739392],[-99.115199,23.739533],[-99.115087,23.739601],[-99.115116,23.73964],[-99.115427,23.740058],[-99.116557,23.741593],[-99.11674,23.741843],[-99.116402,23.741825],[-99.114625,23.742484],[-99.113937,23.74274],[-99.113716,23.742822],[-99.113109,23.743048],[-99.112481,23.743283],[-99.112352,23.743331],[-99.112092,23.743441],[-99.111589,23.74365],[-99.110905,23.74394],[-99.110373,23.744149],[-99.10991,23.74434],[-99.109434,23.744556],[-99.108969,23.744738],[-99.108473,23.74494],[-99.108051,23.745119],[-99.107608,23.745344],[-99.107148,23.745559],[-99.105938,23.746178],[-99.1058,23.746248],[-99.104746,23.746726],[-99.104602,23.746792],[-99.103658,23.747262],[-99.103181,23.747485],[-99.102721,23.747676],[-99.102601,23.747739],[-99.102227,23.747936],[-99.101771,23.74811],[-99.10147,23.748242],[-99.101391,23.748173],[-99.101133,23.747772],[-99.100803,23.74739],[-99.100594,23.747117],[-99.100294,23.746729],[-99.099988,23.746361],[-99.099751,23.7461],[-99.099733,23.746083],[-99.099714,23.74607],[-99.099681,23.746055],[-99.099881,23.745656],[-99.100386,23.744592],[-99.100423,23.74457],[-99.100453,23.744553],[-99.10049,23.744529],[-99.100777,23.744405],[-99.10101,23.744307],[-99.101181,23.744103],[-99.10191,23.743796],[-99.102022,23.74401],[-99.102381,23.743862],[-99.102509,23.74381],[-99.102811,23.743441],[-99.102945,23.743384],[-99.103382,23.742898],[-99.104045,23.742493],[-99.104652,23.742035],[-99.105017,23.742303],[-99.105184,23.74242],[-99.10553,23.742641],[-99.105639,23.742646]]]}},{"type":"Feature","id":1637,"properties":{"id":1930,"entidad":28,"distrito_f":5,"distrito_l":14,"municipio":41,"seccion":1637,"tipo":2,"control":1809},"geometry":{"type":"Polygon","coordinates":[[[-99.10953,23.751483],[-99.109639,23.751582],[-99.109564,23.751636],[-99.10919,23.75192],[-99.108785,23.752233],[-99.10841,23.752517],[-99.108037,23.75279],[-99.107549,23.753134],[-99.107177,23.753425],[-99.106801,23.75369],[-99.106424,23.753992],[-99.10635,23.75406],[-99.105254,23.754835],[-99.104668,23.755225],[-99.104621,23.755797],[-99.104596,23.756003],[-99.104548,23.756415],[-99.104492,23.75689],[-99.104421,23.75729],[-99.104338,23.757486],[-99.10386,23.758251],[-99.103719,23.758489],[-99.103666,23.758547],[-99.103613,23.758605],[-99.103529,23.758664],[-99.103432,23.758703],[-99.103354,23.758712],[-99.103286,23.758713],[-99.103218,23.758713],[-99.103189,23.758733],[-99.103076,23.758895],[-99.103014,23.758981],[-99.101366,23.758099],[-99.101063,23.75792],[-99.100297,23.757433],[-99.099641,23.756946],[-99.098736,23.756127],[-99.098005,23.755354],[-99.097578,23.754789],[-99.097071,23.753966],[-99.096305,23.75266],[-99.095689,23.751445],[-99.095072,23.750517],[-99.095047,23.750479],[-99.094814,23.750045],[-99.094781,23.749971],[-99.094379,23.749318],[-99.09391,23.748522],[-99.092296,23.745777],[-99.091696,23.744717],[-99.094006,23.744173],[-99.09421,23.74413],[-99.094527,23.744091],[-99.094754,23.744125],[-99.09508,23.744251],[-99.095542,23.743999],[-99.095654,23.743822],[-99.095915,23.743692],[-99.096857,23.743155],[-99.097216,23.74304],[-99.097251,23.742933],[-99.097475,23.742709],[-99.097604,23.742698],[-99.097645,23.742568],[-99.098756,23.74163],[-99.099192,23.74139],[-99.099211,23.741263],[-99.09966,23.740845],[-99.099846,23.740815],[-99.099821,23.740933],[-99.099759,23.741018],[-99.099858,23.741187],[-99.099944,23.741277],[-99.100055,23.741311],[-99.100154,23.741435],[-99.100289,23.741458],[-99.100412,23.741514],[-99.100683,23.74183],[-99.100837,23.742151],[-99.101037,23.741935],[-99.101326,23.741581],[-99.101897,23.741272],[-99.102283,23.740997],[-99.102787,23.740699],[-99.103309,23.740204],[-99.103579,23.740092],[-99.103892,23.739637],[-99.104316,23.739176],[-99.104653,23.738777],[-99.105009,23.738434],[-99.105286,23.738136],[-99.105715,23.737765],[-99.106022,23.737658],[-99.106354,23.73758],[-99.106636,23.73754],[-99.106955,23.737434],[-99.107226,23.73731],[-99.10756,23.737247],[-99.107655,23.737502],[-99.107744,23.73788],[-99.107784,23.738034],[-99.108174,23.737961],[-99.108391,23.737884],[-99.109182,23.737578],[-99.109196,23.737607],[-99.109208,23.737631],[-99.109227,23.737668],[-99.109251,23.737716],[-99.109301,23.737813],[-99.109384,23.737982],[-99.109588,23.738396],[-99.109763,23.738277],[-99.109971,23.738095],[-99.110179,23.737912],[-99.110371,23.737754],[-99.110512,23.737665],[-99.110867,23.737478],[-99.111035,23.737358],[-99.111482,23.737099],[-99.112658,23.736504],[-99.112721,23.736472],[-99.112793,23.736436],[-99.11285,23.736406],[-99.113232,23.73631],[-99.11335,23.736467],[-99.113689,23.73693],[-99.114029,23.737398],[-99.114059,23.73744],[-99.114418,23.737936],[-99.114083,23.738127],[-99.114017,23.738165],[-99.113951,23.738202],[-99.113884,23.73824],[-99.112752,23.738912],[-99.111658,23.73959],[-99.110498,23.740274],[-99.110753,23.740805],[-99.110348,23.741171],[-99.110137,23.74075],[-99.109426,23.741043],[-99.108907,23.741256],[-99.108446,23.741452],[-99.108009,23.741637],[-99.107919,23.741676],[-99.107541,23.74187],[-99.106807,23.742165],[-99.106064,23.742471],[-99.105851,23.742559],[-99.105639,23.742646],[-99.10553,23.742641],[-99.105184,23.74242],[-99.105017,23.742303],[-99.104652,23.742035],[-99.104045,23.742493],[-99.103382,23.742898],[-99.102945,23.743384],[-99.102811,23.743441],[-99.102509,23.74381],[-99.102381,23.743862],[-99.102022,23.74401],[-99.10191,23.743796],[-99.101181,23.744103],[-99.10101,23.744307],[-99.100777,23.744405],[-99.10049,23.744529],[-99.100453,23.744553],[-99.100423,23.74457],[-99.100386,23.744592],[-99.099881,23.745656],[-99.099681,23.746055],[-99.099714,23.74607],[-99.099733,23.746083],[-99.099751,23.7461],[-99.099988,23.746361],[-99.100294,23.746729],[-99.100594,23.747117],[-99.100803,23.74739],[-99.101133,23.747772],[-99.101391,23.748173],[-99.10147,23.748242],[-99.101541,23.748328],[-99.101588,23.748391],[-99.102016,23.748796],[-99.102212,23.749012],[-99.102438,23.74927],[-99.103261,23.7503],[-99.103805,23.750884],[-99.104461,23.751656],[-99.104644,23.751863],[-99.104674,23.751897],[-99.107659,23.749385],[-99.107725,23.74932],[-99.108258,23.749967],[-99.108603,23.750369],[-99.108887,23.75072],[-99.109215,23.751116],[-99.10953,23.751483]]]}},{"type":"Feature","id":1638,"properties":{"id":1124,"entidad":28,"distrito_f":5,"distrito_l":15,"municipio":41,"seccion":1638,"tipo":2,"control":1485},"geometry":{"type":"Polygon","coordinates":[[[-99.109182,23.737578],[-99.108391,23.737884],[-99.108174,23.737961],[-99.107784,23.738034],[-99.107744,23.73788],[-99.107655,23.737502],[-99.10756,23.737247],[-99.108006,23.737099],[-99.108527,23.736945],[-99.108865,23.736731],[-99.109454,23.73645],[-99.11,23.736186],[-99.110627,23.735832],[-99.110765,23.735758],[-99.111087,23.735585],[-99.111646,23.735489],[-99.111878,23.735358],[-99.112048,23.735263],[-99.112094,23.735238],[-99.112389,23.734995],[-99.112665,23.734781],[-99.112935,23.734607],[-99.113199,23.73441],[-99.113695,23.733984],[-99.114318,23.734598],[-99.114407,23.734724],[-99.1146,23.734975],[-99.114727,23.735149],[-99.114837,23.735321],[-99.115012,23.735595],[-99.11509,23.735717],[-99.115267,23.735994],[-99.115942,23.735553],[-99.116397,23.736033],[-99.116827,23.7365],[-99.116931,23.736614],[-99.117233,23.736971],[-99.117398,23.737166],[-99.117598,23.737403],[-99.117663,23.737473],[-99.117982,23.737819],[-99.117024,23.738383],[-99.116041,23.739021],[-99.11543,23.739392],[-99.115412,23.739366],[-99.115084,23.738891],[-99.114751,23.738413],[-99.114418,23.737936],[-99.114059,23.73744],[-99.114029,23.737398],[-99.113689,23.73693],[-99.11335,23.736467],[-99.113232,23.73631],[-99.11285,23.736406],[-99.112793,23.736436],[-99.112721,23.736472],[-99.112658,23.736504],[-99.111482,23.737099],[-99.111035,23.737358],[-99.110867,23.737478],[-99.110512,23.737665],[-99.110371,23.737754],[-99.110179,23.737912],[-99.109971,23.738095],[-99.109763,23.738277],[-99.109588,23.738396],[-99.109384,23.737982],[-99.109301,23.737813],[-99.109251,23.737716],[-99.109227,23.737668],[-99.109208,23.737631],[-99.109196,23.737607],[-99.109182,23.737578]]]}},{"type":"Feature","id":1639,"properties":{"id":1125,"entidad":28,"distrito_f":5,"distrito_l":15,"municipio":41,"seccion":1639,"tipo":2,"control":1484},"geometry":{"type":"Polygon","coordinates":[[[-99.114318,23.734598],[-99.113695,23.733984],[-99.113863,23.733862],[-99.114017,23.733834],[-99.114753,23.73357],[-99.115042,23.733463],[-99.115373,23.733154],[-99.115607,23.733042],[-99.115975,23.733008],[-99.117086,23.732851],[-99.117338,23.7328],[-99.11759,23.732856],[-99.118038,23.732789],[-99.118234,23.732603],[-99.118406,23.732609],[-99.118603,23.732586],[-99.118731,23.732609],[-99.119057,23.732384],[-99.119259,23.732395],[-99.11945,23.732395],[-99.119585,23.732305],[-99.119908,23.732203],[-99.11995,23.732306],[-99.12004,23.732572],[-99.120077,23.732681],[-99.120017,23.732873],[-99.120007,23.732915],[-99.119993,23.733021],[-99.119965,23.733189],[-99.119954,23.733609],[-99.119949,23.733809],[-99.119936,23.734035],[-99.119898,23.734448],[-99.119855,23.734917],[-99.119793,23.735381],[-99.120838,23.735435],[-99.121165,23.735451],[-99.121667,23.735477],[-99.121658,23.735586],[-99.121621,23.736008],[-99.121102,23.735991],[-99.121456,23.736475],[-99.120106,23.737246],[-99.119965,23.737332],[-99.118613,23.738163],[-99.118237,23.737668],[-99.117982,23.737819],[-99.117663,23.737473],[-99.117598,23.737403],[-99.117398,23.737166],[-99.117233,23.736971],[-99.116931,23.736614],[-99.116827,23.7365],[-99.116397,23.736033],[-99.115942,23.735553],[-99.115267,23.735994],[-99.11509,23.735717],[-99.115012,23.735595],[-99.114837,23.735321],[-99.114727,23.735149],[-99.1146,23.734975],[-99.114407,23.734724],[-99.114318,23.734598]]]}},{"type":"Feature","id":1640,"properties":{"id":1127,"entidad":28,"distrito_f":5,"distrito_l":15,"municipio":41,"seccion":1640,"tipo":2,"control":1481},"geometry":{"type":"Polygon","coordinates":[[[-99.125872,23.736729],[-99.12493,23.736663],[-99.123988,23.736597],[-99.123204,23.736541],[-99.123213,23.736436],[-99.123238,23.736087],[-99.12328,23.735623],[-99.121667,23.735477],[-99.121165,23.735451],[-99.120838,23.735435],[-99.119793,23.735381],[-99.119855,23.734917],[-99.119898,23.734448],[-99.119936,23.734035],[-99.119949,23.733809],[-99.119954,23.733609],[-99.119965,23.733189],[-99.119993,23.733021],[-99.120007,23.732915],[-99.120017,23.732873],[-99.120077,23.732681],[-99.12004,23.732572],[-99.11995,23.732306],[-99.119908,23.732203],[-99.119886,23.732148],[-99.120014,23.732117],[-99.120758,23.731905],[-99.121007,23.731764],[-99.121068,23.731752],[-99.12135,23.731694],[-99.121675,23.731658],[-99.122266,23.731482],[-99.122705,23.731271],[-99.123106,23.73113],[-99.123161,23.731375],[-99.123197,23.731501],[-99.123245,23.731672],[-99.123411,23.731977],[-99.123541,23.732214],[-99.12372,23.732231],[-99.123741,23.732232],[-99.124326,23.732258],[-99.124355,23.732259],[-99.12515,23.732311],[-99.125309,23.732326],[-99.126091,23.732403],[-99.126025,23.733189],[-99.126916,23.733291],[-99.126897,23.73384],[-99.126143,23.733792],[-99.12612,23.734044],[-99.126088,23.734392],[-99.126034,23.73497],[-99.125951,23.73587],[-99.125902,23.736402],[-99.125872,23.736729]]]}},{"type":"Feature","id":1641,"properties":{"id":1128,"entidad":28,"distrito_f":5,"distrito_l":15,"municipio":41,"seccion":1641,"tipo":2,"control":1480},"geometry":{"type":"Polygon","coordinates":[[[-99.125853,23.73715],[-99.125872,23.736729],[-99.125902,23.736402],[-99.125951,23.73587],[-99.126034,23.73497],[-99.126088,23.734392],[-99.12612,23.734044],[-99.126143,23.733792],[-99.126897,23.73384],[-99.126916,23.733291],[-99.126025,23.733189],[-99.126091,23.732403],[-99.127021,23.732446],[-99.128215,23.732536],[-99.128246,23.732538],[-99.128467,23.732556],[-99.128934,23.732595],[-99.129077,23.73261],[-99.129319,23.732635],[-99.129733,23.732678],[-99.129823,23.732685],[-99.130378,23.732724],[-99.130414,23.732727],[-99.130687,23.732746],[-99.13077,23.732752],[-99.13075,23.732853],[-99.130672,23.733602],[-99.130607,23.734371],[-99.130527,23.735392],[-99.130523,23.735468],[-99.130515,23.735618],[-99.130154,23.735578],[-99.129554,23.735777],[-99.129433,23.735821],[-99.12806,23.736317],[-99.127923,23.736369],[-99.127528,23.73652],[-99.126969,23.736735],[-99.126625,23.736866],[-99.126499,23.736915],[-99.126012,23.737095],[-99.125853,23.73715]]]}},{"type":"Feature","id":1642,"properties":{"id":1129,"entidad":28,"distrito_f":5,"distrito_l":15,"municipio":41,"seccion":1642,"tipo":2,"control":1438},"geometry":{"type":"Polygon","coordinates":[[[-99.148555,23.736156],[-99.147626,23.736049],[-99.146696,23.735928],[-99.145712,23.7358],[-99.14486,23.73569],[-99.143956,23.735598],[-99.143024,23.735523],[-99.142152,23.735447],[-99.141297,23.735373],[-99.140441,23.735306],[-99.139316,23.735218],[-99.138369,23.735145],[-99.137419,23.735047],[-99.136633,23.734967],[-99.13676,23.73412],[-99.137519,23.734175],[-99.13846,23.734228],[-99.139378,23.734303],[-99.140454,23.734389],[-99.141367,23.734467],[-99.142172,23.734554],[-99.143088,23.734646],[-99.144014,23.734754],[-99.144916,23.734859],[-99.1458,23.734962],[-99.146766,23.735069],[-99.147706,23.735185],[-99.148657,23.735274],[-99.148555,23.736156]]]}},{"type":"Feature","id":1643,"properties":{"id":1130,"entidad":28,"distrito_f":5,"distrito_l":15,"municipio":41,"seccion":1643,"tipo":2,"control":1439},"geometry":{"type":"Polygon","coordinates":[[[-99.148657,23.735274],[-99.147706,23.735185],[-99.146766,23.735069],[-99.1458,23.734962],[-99.144916,23.734859],[-99.144014,23.734754],[-99.143088,23.734646],[-99.142172,23.734554],[-99.141367,23.734467],[-99.140454,23.734389],[-99.139378,23.734303],[-99.13846,23.734228],[-99.137519,23.734175],[-99.13676,23.73412],[-99.136861,23.73322],[-99.137338,23.733242],[-99.137624,23.73327],[-99.138561,23.73336],[-99.138631,23.733366],[-99.139467,23.733427],[-99.139517,23.733431],[-99.140495,23.73353],[-99.141357,23.733594],[-99.141402,23.733598],[-99.142273,23.733689],[-99.142359,23.733698],[-99.14315,23.733804],[-99.143174,23.733807],[-99.144061,23.733938],[-99.144081,23.733941],[-99.144979,23.734024],[-99.145877,23.734107],[-99.14684,23.734196],[-99.147768,23.734282],[-99.148734,23.73438],[-99.148657,23.735274]]]}},{"type":"Feature","id":1644,"properties":{"id":1131,"entidad":28,"distrito_f":5,"distrito_l":15,"municipio":41,"seccion":1644,"tipo":2,"control":1440},"geometry":{"type":"Polygon","coordinates":[[[-99.148734,23.73438],[-99.147768,23.734282],[-99.14684,23.734196],[-99.145877,23.734107],[-99.144979,23.734024],[-99.144081,23.733941],[-99.144061,23.733938],[-99.143174,23.733807],[-99.14315,23.733804],[-99.142359,23.733698],[-99.142273,23.733689],[-99.141402,23.733598],[-99.141357,23.733594],[-99.140495,23.73353],[-99.139517,23.733431],[-99.139467,23.733427],[-99.138631,23.733366],[-99.138561,23.73336],[-99.137624,23.73327],[-99.137338,23.733242],[-99.136861,23.73322],[-99.136987,23.732318],[-99.137728,23.732395],[-99.138626,23.732492],[-99.13954,23.732572],[-99.14051,23.732669],[-99.141418,23.732766],[-99.142335,23.732862],[-99.14321,23.732982],[-99.144118,23.73305],[-99.145033,23.733168],[-99.145955,23.733257],[-99.146921,23.733349],[-99.147853,23.733437],[-99.148807,23.733528],[-99.148734,23.73438]]]}},{"type":"Feature","id":1645,"properties":{"id":1132,"entidad":28,"distrito_f":5,"distrito_l":15,"municipio":41,"seccion":1645,"tipo":2,"control":1441},"geometry":{"type":"Polygon","coordinates":[[[-99.148807,23.733528],[-99.147853,23.733437],[-99.146921,23.733349],[-99.145955,23.733257],[-99.145033,23.733168],[-99.144118,23.73305],[-99.14321,23.732982],[-99.142335,23.732862],[-99.141418,23.732766],[-99.14051,23.732669],[-99.13954,23.732572],[-99.138626,23.732492],[-99.137728,23.732395],[-99.136987,23.732318],[-99.137096,23.731383],[-99.136723,23.731331],[-99.136686,23.73112],[-99.136661,23.730569],[-99.136701,23.730509],[-99.136831,23.73064],[-99.137056,23.730664],[-99.137247,23.730671],[-99.137439,23.730677],[-99.137837,23.730722],[-99.137917,23.730731],[-99.138744,23.730821],[-99.139697,23.730892],[-99.140548,23.730977],[-99.141501,23.731077],[-99.142363,23.73116],[-99.143297,23.731249],[-99.144255,23.731317],[-99.145191,23.731404],[-99.146147,23.731491],[-99.146609,23.731548],[-99.147074,23.731609],[-99.147981,23.731722],[-99.148954,23.731812],[-99.148882,23.732649],[-99.148807,23.733528]]]}},{"type":"Feature","id":1646,"properties":{"id":1133,"entidad":28,"distrito_f":5,"distrito_l":15,"municipio":41,"seccion":1646,"tipo":2,"control":1407},"geometry":{"type":"Polygon","coordinates":[[[-99.15984,23.733695],[-99.159794,23.733697],[-99.159728,23.7337],[-99.159226,23.733725],[-99.159207,23.733448],[-99.159074,23.731516],[-99.159029,23.730993],[-99.159022,23.730912],[-99.159017,23.730825],[-99.158981,23.730159],[-99.158906,23.729221],[-99.158839,23.728316],[-99.158796,23.727458],[-99.15879,23.727352],[-99.158856,23.727372],[-99.158963,23.727405],[-99.159127,23.727455],[-99.159798,23.727662],[-99.16003,23.727733],[-99.16048,23.727871],[-99.161146,23.728076],[-99.161244,23.728106],[-99.162287,23.728433],[-99.16315,23.728694],[-99.163412,23.728773],[-99.163415,23.72901],[-99.163435,23.729919],[-99.163498,23.730815],[-99.16356,23.731712],[-99.163633,23.732627],[-99.163685,23.733505],[-99.162618,23.733558],[-99.161543,23.733611],[-99.161008,23.733637],[-99.160473,23.733663],[-99.15984,23.733695]]]}},{"type":"Feature","id":1647,"properties":{"id":1134,"entidad":28,"distrito_f":5,"distrito_l":15,"municipio":41,"seccion":1647,"tipo":2,"control":1406},"geometry":{"type":"Polygon","coordinates":[[[-99.163685,23.733505],[-99.163633,23.732627],[-99.16356,23.731712],[-99.163498,23.730815],[-99.163435,23.729919],[-99.163415,23.72901],[-99.163412,23.728773],[-99.164495,23.728986],[-99.165567,23.729178],[-99.166078,23.729269],[-99.166707,23.729404],[-99.167799,23.729638],[-99.168615,23.729813],[-99.168916,23.729877],[-99.168941,23.73053],[-99.168974,23.731435],[-99.169007,23.73232],[-99.169075,23.733202],[-99.168022,23.733262],[-99.166921,23.733325],[-99.166868,23.733328],[-99.165902,23.733392],[-99.165834,23.733396],[-99.165766,23.733401],[-99.164762,23.73343],[-99.164664,23.733433],[-99.163685,23.733505]]]}},{"type":"Feature","id":1648,"properties":{"id":2205,"entidad":28,"distrito_f":5,"distrito_l":15,"municipio":41,"seccion":1648,"tipo":2,"control":1711},"geometry":{"type":"Polygon","coordinates":[[[-99.169075,23.733202],[-99.169007,23.73232],[-99.168974,23.731435],[-99.168941,23.73053],[-99.168916,23.729877],[-99.169966,23.730068],[-99.170024,23.730078],[-99.170521,23.730194],[-99.170957,23.730282],[-99.17111,23.730406],[-99.171476,23.730398],[-99.171963,23.730378],[-99.172144,23.730362],[-99.1725,23.730332],[-99.173044,23.730307],[-99.173351,23.730293],[-99.173805,23.730273],[-99.174181,23.730256],[-99.174898,23.730222],[-99.175618,23.730188],[-99.176964,23.730123],[-99.17834,23.730049],[-99.178387,23.730049],[-99.178451,23.730049],[-99.178515,23.730049],[-99.17883,23.729174],[-99.17896,23.729145],[-99.181219,23.729033],[-99.181147,23.728132],[-99.182266,23.728058],[-99.182818,23.728022],[-99.183232,23.727995],[-99.184153,23.727935],[-99.184403,23.727918],[-99.184908,23.727889],[-99.184997,23.727886],[-99.185612,23.727867],[-99.186473,23.727839],[-99.186524,23.727838],[-99.187121,23.727823],[-99.187078,23.728182],[-99.18701,23.728737],[-99.186938,23.729288],[-99.186876,23.729637],[-99.186855,23.729752],[-99.186766,23.730245],[-99.186533,23.731254],[-99.18589,23.73124],[-99.18585,23.731239],[-99.183731,23.731235],[-99.182798,23.731265],[-99.182804,23.731713],[-99.18276,23.731713],[-99.177995,23.731677],[-99.177891,23.731677],[-99.177462,23.732853],[-99.177302,23.73285],[-99.177145,23.732848],[-99.175072,23.732932],[-99.173654,23.732991],[-99.17314,23.733017],[-99.172895,23.733029],[-99.172305,23.733059],[-99.171235,23.733102],[-99.170722,23.733123],[-99.170165,23.733146],[-99.169075,23.733202]]]}},{"type":"Feature","id":1675,"properties":{"id":1161,"entidad":28,"distrito_f":5,"distrito_l":15,"municipio":41,"seccion":1675,"tipo":2,"control":1448},"geometry":{"type":"Polygon","coordinates":[[[-99.144749,23.723895],[-99.143595,23.723808],[-99.1436,23.723648],[-99.142663,23.72356],[-99.14174,23.723472],[-99.141451,23.723455],[-99.140813,23.723417],[-99.140307,23.723365],[-99.140057,23.723325],[-99.139907,23.723282],[-99.139932,23.722804],[-99.139947,23.722536],[-99.139991,23.721642],[-99.140009,23.720729],[-99.14006,23.719855],[-99.140104,23.718927],[-99.140675,23.71896],[-99.141082,23.718984],[-99.142061,23.71904],[-99.143051,23.71908],[-99.144021,23.719149],[-99.144999,23.719164],[-99.145951,23.71921],[-99.146335,23.719236],[-99.146363,23.719237],[-99.146392,23.719239],[-99.146488,23.719246],[-99.146702,23.719721],[-99.146749,23.719822],[-99.146765,23.719865],[-99.146796,23.719947],[-99.146833,23.720048],[-99.146869,23.720145],[-99.146869,23.720206],[-99.146904,23.720291],[-99.146926,23.720346],[-99.146979,23.720479],[-99.147037,23.720812],[-99.14699,23.720964],[-99.146748,23.721188],[-99.14671,23.721205],[-99.146639,23.721236],[-99.146318,23.721251],[-99.146246,23.721262],[-99.145957,23.721308],[-99.145822,23.721395],[-99.14575,23.721518],[-99.145719,23.721808],[-99.145746,23.722084],[-99.14571,23.722335],[-99.14568,23.722457],[-99.145619,23.722591],[-99.145499,23.722824],[-99.145376,23.723014],[-99.145204,23.723155],[-99.144932,23.723355],[-99.144808,23.723552],[-99.144752,23.723718],[-99.144749,23.723895]]]}},{"type":"Feature","id":1650,"properties":{"id":1136,"entidad":28,"distrito_f":5,"distrito_l":15,"municipio":41,"seccion":1650,"tipo":2,"control":1804},"geometry":{"type":"Polygon","coordinates":[[[-99.16868,23.721788],[-99.168696,23.721751],[-99.168683,23.721683],[-99.168736,23.721552],[-99.168926,23.721612],[-99.169464,23.721836],[-99.169491,23.721808],[-99.169518,23.72178],[-99.169019,23.7213],[-99.169052,23.721276],[-99.169415,23.720944],[-99.170751,23.719819],[-99.170677,23.719731],[-99.170961,23.719572],[-99.171237,23.719514],[-99.171553,23.719466],[-99.171642,23.719457],[-99.172034,23.719405],[-99.172143,23.719364],[-99.172054,23.719202],[-99.172884,23.719389],[-99.173714,23.719576],[-99.173852,23.719567],[-99.174009,23.719616],[-99.174314,23.719549],[-99.174448,23.719776],[-99.174502,23.719871],[-99.174632,23.720118],[-99.174707,23.720206],[-99.174777,23.720292],[-99.175093,23.720537],[-99.175191,23.720608],[-99.175292,23.720751],[-99.175064,23.721075],[-99.175166,23.721167],[-99.175205,23.721202],[-99.175263,23.721139],[-99.175973,23.720376],[-99.176364,23.720683],[-99.176744,23.720987],[-99.177129,23.721304],[-99.176469,23.722026],[-99.176469,23.722765],[-99.176521,23.723609],[-99.176173,23.723631],[-99.175916,23.723647],[-99.17566,23.723663],[-99.174947,23.723708],[-99.174455,23.723758],[-99.173187,23.723802],[-99.172858,23.723822],[-99.172529,23.723842],[-99.172584,23.724463],[-99.172631,23.725017],[-99.172644,23.7252],[-99.172659,23.725576],[-99.172701,23.726158],[-99.172779,23.72676],[-99.172782,23.726792],[-99.172825,23.727298],[-99.17283,23.727346],[-99.172885,23.727906],[-99.171795,23.727957],[-99.171332,23.727993],[-99.17093,23.728021],[-99.17081,23.72803],[-99.170486,23.728169],[-99.169465,23.727162],[-99.169212,23.726907],[-99.168323,23.726066],[-99.168184,23.72594],[-99.167953,23.725728],[-99.167863,23.725639],[-99.168252,23.725333],[-99.168649,23.725002],[-99.168769,23.724918],[-99.168794,23.724896],[-99.169148,23.724587],[-99.169619,23.724179],[-99.169516,23.724016],[-99.16862,23.723995],[-99.168614,23.723483],[-99.168724,23.72339],[-99.168689,23.721947],[-99.16868,23.721788]]]}},{"type":"Feature","id":1651,"properties":{"id":1137,"entidad":28,"distrito_f":5,"distrito_l":15,"municipio":41,"seccion":1651,"tipo":2,"control":1404},"geometry":{"type":"Polygon","coordinates":[[[-99.17111,23.730406],[-99.170957,23.730282],[-99.170521,23.730194],[-99.170024,23.730078],[-99.169966,23.730068],[-99.168916,23.729877],[-99.168615,23.729813],[-99.167799,23.729638],[-99.166707,23.729404],[-99.166078,23.729269],[-99.166176,23.728719],[-99.166255,23.728388],[-99.16574,23.728294],[-99.165834,23.727829],[-99.165924,23.727365],[-99.166034,23.726901],[-99.166074,23.72673],[-99.166444,23.726358],[-99.166814,23.725987],[-99.167498,23.725357],[-99.167603,23.725402],[-99.167863,23.725639],[-99.167953,23.725728],[-99.168184,23.72594],[-99.168323,23.726066],[-99.169212,23.726907],[-99.169465,23.727162],[-99.170486,23.728169],[-99.17081,23.72803],[-99.170835,23.72811],[-99.170869,23.728604],[-99.170839,23.728728],[-99.170968,23.729493],[-99.17111,23.730406]]]}},{"type":"Feature","id":1652,"properties":{"id":1138,"entidad":28,"distrito_f":5,"distrito_l":15,"municipio":41,"seccion":1652,"tipo":2,"control":1405},"geometry":{"type":"Polygon","coordinates":[[[-99.166078,23.729269],[-99.165567,23.729178],[-99.164495,23.728986],[-99.163412,23.728773],[-99.16315,23.728694],[-99.162832,23.728302],[-99.162536,23.727957],[-99.162349,23.727703],[-99.162039,23.727302],[-99.163121,23.726145],[-99.163405,23.725861],[-99.164087,23.72518],[-99.165794,23.723475],[-99.165957,23.723663],[-99.166008,23.7239],[-99.166048,23.723982],[-99.16539,23.724638],[-99.166814,23.725987],[-99.166444,23.726358],[-99.166074,23.72673],[-99.166034,23.726901],[-99.165924,23.727365],[-99.165834,23.727829],[-99.16574,23.728294],[-99.166255,23.728388],[-99.166176,23.728719],[-99.166078,23.729269]]]}},{"type":"Feature","id":1653,"properties":{"id":1139,"entidad":28,"distrito_f":5,"distrito_l":15,"municipio":41,"seccion":1653,"tipo":2,"control":1409},"geometry":{"type":"Polygon","coordinates":[[[-99.16315,23.728694],[-99.162287,23.728433],[-99.161244,23.728106],[-99.161146,23.728076],[-99.16048,23.727871],[-99.16003,23.727733],[-99.159798,23.727662],[-99.159127,23.727455],[-99.158963,23.727405],[-99.158856,23.727372],[-99.15879,23.727352],[-99.158787,23.727311],[-99.158762,23.726874],[-99.158748,23.726631],[-99.158701,23.725825],[-99.158692,23.725671],[-99.158688,23.725614],[-99.158682,23.725498],[-99.158677,23.725416],[-99.158566,23.723518],[-99.158564,23.723483],[-99.158528,23.72329],[-99.158481,23.723044],[-99.158469,23.722959],[-99.158521,23.722837],[-99.158608,23.722712],[-99.158666,23.72263],[-99.159041,23.721988],[-99.159226,23.721715],[-99.159372,23.721568],[-99.160108,23.720828],[-99.16036,23.720567],[-99.160523,23.72043],[-99.160964,23.720935],[-99.160827,23.721037],[-99.160488,23.721225],[-99.160871,23.721623],[-99.161046,23.721806],[-99.161164,23.721932],[-99.16188,23.722696],[-99.161906,23.722725],[-99.16192,23.722739],[-99.161965,23.722787],[-99.161843,23.722875],[-99.161888,23.722924],[-99.161902,23.722941],[-99.161932,23.722974],[-99.162573,23.723653],[-99.163195,23.724271],[-99.163667,23.724741],[-99.164087,23.72518],[-99.163405,23.725861],[-99.163121,23.726145],[-99.162039,23.727302],[-99.162349,23.727703],[-99.162536,23.727957],[-99.162832,23.728302],[-99.16315,23.728694]]]}},{"type":"Feature","id":1654,"properties":{"id":1140,"entidad":28,"distrito_f":5,"distrito_l":15,"municipio":41,"seccion":1654,"tipo":2,"control":1430},"geometry":{"type":"Polygon","coordinates":[[[-99.157887,23.728207],[-99.156598,23.72806],[-99.156692,23.727197],[-99.156782,23.726376],[-99.156858,23.725674],[-99.156879,23.725471],[-99.156971,23.724581],[-99.157057,23.723743],[-99.157211,23.723758],[-99.15789,23.723826],[-99.158344,23.723871],[-99.158246,23.724728],[-99.158225,23.724911],[-99.158161,23.72565],[-99.158156,23.725712],[-99.158142,23.725877],[-99.15813,23.725987],[-99.158113,23.726161],[-99.158074,23.726537],[-99.158007,23.727198],[-99.157986,23.727368],[-99.157887,23.728207]]]}},{"type":"Feature","id":1655,"properties":{"id":1141,"entidad":28,"distrito_f":5,"distrito_l":15,"municipio":41,"seccion":1655,"tipo":2,"control":1442},"geometry":{"type":"Polygon","coordinates":[[[-99.148954,23.731812],[-99.147981,23.731722],[-99.147074,23.731609],[-99.146609,23.731548],[-99.146147,23.731491],[-99.145191,23.731404],[-99.144255,23.731317],[-99.143297,23.731249],[-99.142363,23.73116],[-99.141501,23.731077],[-99.140548,23.730977],[-99.139697,23.730892],[-99.138744,23.730821],[-99.137917,23.730731],[-99.137837,23.730722],[-99.137439,23.730677],[-99.137247,23.730671],[-99.137056,23.730664],[-99.136831,23.73064],[-99.136701,23.730509],[-99.136835,23.730338],[-99.137043,23.729999],[-99.137826,23.730058],[-99.137788,23.729224],[-99.137757,23.728534],[-99.137749,23.728374],[-99.137747,23.728255],[-99.137722,23.727887],[-99.138323,23.728049],[-99.139883,23.728329],[-99.14002,23.728369],[-99.141143,23.728694],[-99.142103,23.728854],[-99.142424,23.728872],[-99.142919,23.728956],[-99.143561,23.728998],[-99.144194,23.729141],[-99.144362,23.729194],[-99.144412,23.72921],[-99.144467,23.72921],[-99.144987,23.729178],[-99.145368,23.729135],[-99.145424,23.729124],[-99.145481,23.729112],[-99.1458,23.729073],[-99.14629,23.729017],[-99.146793,23.72867],[-99.147259,23.728292],[-99.147918,23.727877],[-99.148211,23.727754],[-99.148673,23.727897],[-99.14873,23.727903],[-99.148773,23.727909],[-99.1489,23.727924],[-99.148949,23.72793],[-99.149237,23.727965],[-99.149179,23.728841],[-99.149101,23.730018],[-99.149059,23.730544],[-99.148954,23.731812]]]}},{"type":"Feature","id":1656,"properties":{"id":1142,"entidad":28,"distrito_f":5,"distrito_l":15,"municipio":41,"seccion":1656,"tipo":2,"control":1477},"geometry":{"type":"Polygon","coordinates":[[[-99.136861,23.73322],[-99.136796,23.733215],[-99.135787,23.733136],[-99.134936,23.73307],[-99.134898,23.733068],[-99.134021,23.733012],[-99.133573,23.732976],[-99.133141,23.732938],[-99.132435,23.732879],[-99.131546,23.732818],[-99.131642,23.731743],[-99.131687,23.731242],[-99.131739,23.730667],[-99.132622,23.730645],[-99.132761,23.730642],[-99.133657,23.730607],[-99.134552,23.730572],[-99.135807,23.730524],[-99.136457,23.730513],[-99.136701,23.730509],[-99.136661,23.730569],[-99.136686,23.73112],[-99.136723,23.731331],[-99.137096,23.731383],[-99.136987,23.732318],[-99.136861,23.73322]]]}},{"type":"Feature","id":1657,"properties":{"id":1143,"entidad":28,"distrito_f":5,"distrito_l":15,"municipio":41,"seccion":1657,"tipo":2,"control":1478},"geometry":{"type":"Polygon","coordinates":[[[-99.131739,23.730667],[-99.131836,23.729568],[-99.132779,23.729658],[-99.132808,23.72919],[-99.132837,23.728706],[-99.132888,23.727862],[-99.132888,23.72781],[-99.132888,23.727777],[-99.132888,23.727726],[-99.132889,23.727616],[-99.13289,23.727347],[-99.133435,23.727458],[-99.134963,23.727447],[-99.135325,23.72746],[-99.136042,23.727483],[-99.137002,23.727726],[-99.137722,23.727887],[-99.137747,23.728255],[-99.137749,23.728374],[-99.137757,23.728534],[-99.137788,23.729224],[-99.137826,23.730058],[-99.137043,23.729999],[-99.136835,23.730338],[-99.136701,23.730509],[-99.136457,23.730513],[-99.135807,23.730524],[-99.134552,23.730572],[-99.133657,23.730607],[-99.132761,23.730642],[-99.132622,23.730645],[-99.131739,23.730667]]]}},{"type":"Feature","id":1658,"properties":{"id":1144,"entidad":28,"distrito_f":5,"distrito_l":15,"municipio":41,"seccion":1658,"tipo":2,"control":1479},"geometry":{"type":"Polygon","coordinates":[[[-99.131546,23.732818],[-99.131016,23.732782],[-99.130807,23.732756],[-99.13077,23.732752],[-99.130687,23.732746],[-99.130414,23.732727],[-99.130378,23.732724],[-99.129823,23.732685],[-99.129733,23.732678],[-99.129319,23.732635],[-99.129077,23.73261],[-99.128934,23.732595],[-99.128467,23.732556],[-99.128246,23.732538],[-99.128215,23.732536],[-99.127021,23.732446],[-99.126091,23.732403],[-99.125309,23.732326],[-99.12515,23.732311],[-99.124355,23.732259],[-99.124326,23.732258],[-99.123741,23.732232],[-99.12372,23.732231],[-99.123541,23.732214],[-99.123411,23.731977],[-99.123245,23.731672],[-99.123197,23.731501],[-99.123161,23.731375],[-99.123106,23.73113],[-99.123622,23.730831],[-99.123717,23.73076],[-99.123946,23.730654],[-99.124232,23.730531],[-99.124995,23.729898],[-99.12553,23.729757],[-99.126045,23.729563],[-99.126885,23.728982],[-99.127343,23.728665],[-99.12768,23.728426],[-99.127738,23.728385],[-99.127788,23.728349],[-99.127839,23.728313],[-99.128191,23.728205],[-99.128411,23.728137],[-99.12887,23.728031],[-99.129086,23.72799],[-99.129131,23.727982],[-99.129519,23.727908],[-99.130263,23.727679],[-99.130606,23.72745],[-99.131085,23.727241],[-99.131294,23.72715],[-99.131446,23.727133],[-99.131706,23.727159],[-99.132134,23.727202],[-99.13289,23.727347],[-99.132889,23.727616],[-99.132888,23.727726],[-99.132888,23.727777],[-99.132888,23.72781],[-99.132888,23.727862],[-99.132837,23.728706],[-99.132808,23.72919],[-99.132779,23.729658],[-99.131836,23.729568],[-99.131739,23.730667],[-99.131687,23.731242],[-99.131642,23.731743],[-99.131546,23.732818]]]}},{"type":"Feature","id":1659,"properties":{"id":1145,"entidad":28,"distrito_f":5,"distrito_l":15,"municipio":41,"seccion":1659,"tipo":2,"control":1491},"geometry":{"type":"Polygon","coordinates":[[[-99.121007,23.731764],[-99.120758,23.731905],[-99.120014,23.732117],[-99.119886,23.732148],[-99.119908,23.732203],[-99.119585,23.732305],[-99.11945,23.732395],[-99.119259,23.732395],[-99.119057,23.732384],[-99.118731,23.732609],[-99.118603,23.732586],[-99.118406,23.732609],[-99.118234,23.732603],[-99.118038,23.732789],[-99.11759,23.732856],[-99.117338,23.7328],[-99.117086,23.732851],[-99.115975,23.733008],[-99.115607,23.733042],[-99.115373,23.733154],[-99.115042,23.733463],[-99.114753,23.73357],[-99.114017,23.733834],[-99.113863,23.733862],[-99.113695,23.733984],[-99.113199,23.73441],[-99.112935,23.734607],[-99.112665,23.734781],[-99.112389,23.734995],[-99.112094,23.735238],[-99.112048,23.735263],[-99.111878,23.735358],[-99.111647,23.734997],[-99.111589,23.734903],[-99.110867,23.733811],[-99.110915,23.733779],[-99.111178,23.733616],[-99.111362,23.733512],[-99.111043,23.733131],[-99.111023,23.733105],[-99.11073,23.732721],[-99.110437,23.732336],[-99.110144,23.731951],[-99.109851,23.731566],[-99.111079,23.73075],[-99.111109,23.73073],[-99.112389,23.729852],[-99.112437,23.729823],[-99.112956,23.729508],[-99.113,23.72953],[-99.113442,23.729752],[-99.113534,23.729799],[-99.113929,23.729997],[-99.113986,23.730027],[-99.114361,23.730218],[-99.117262,23.728114],[-99.123051,23.723747],[-99.12316,23.724366],[-99.123218,23.724693],[-99.123235,23.724839],[-99.123339,23.727074],[-99.123785,23.729113],[-99.124034,23.729516],[-99.124216,23.729736],[-99.124219,23.729899],[-99.124223,23.730104],[-99.124232,23.730531],[-99.123946,23.730654],[-99.123717,23.73076],[-99.123622,23.730831],[-99.123106,23.73113],[-99.122705,23.731271],[-99.122266,23.731482],[-99.121675,23.731658],[-99.12135,23.731694],[-99.121068,23.731752],[-99.121007,23.731764]]]}},{"type":"Feature","id":1660,"properties":{"id":1146,"entidad":28,"distrito_f":5,"distrito_l":15,"municipio":41,"seccion":1660,"tipo":2,"control":1487},"geometry":{"type":"Polygon","coordinates":[[[-99.124232,23.730531],[-99.124223,23.730104],[-99.124219,23.729899],[-99.124216,23.729736],[-99.124034,23.729516],[-99.123785,23.729113],[-99.123339,23.727074],[-99.123235,23.724839],[-99.123218,23.724693],[-99.12316,23.724366],[-99.123191,23.724365],[-99.127052,23.724321],[-99.127839,23.724374],[-99.128334,23.724608],[-99.128489,23.724747],[-99.128608,23.724917],[-99.128704,23.725087],[-99.128771,23.725263],[-99.128825,23.725449],[-99.12909,23.725037],[-99.12935,23.724633],[-99.129424,23.724527],[-99.129741,23.724025],[-99.129788,23.723954],[-99.129836,23.723883],[-99.129866,23.723803],[-99.1299,23.723711],[-99.129917,23.723665],[-99.129936,23.723612],[-99.129955,23.723509],[-99.130391,23.723509],[-99.130442,23.723545],[-99.130548,23.723582],[-99.130968,23.723862],[-99.13102,23.723919],[-99.131381,23.724191],[-99.131717,23.724444],[-99.131799,23.724508],[-99.132236,23.724851],[-99.132496,23.724893],[-99.13354,23.725044],[-99.133668,23.724231],[-99.134564,23.7244],[-99.134505,23.724769],[-99.135115,23.724882],[-99.135202,23.724899],[-99.135228,23.724903],[-99.135622,23.724891],[-99.1358,23.724908],[-99.135901,23.725145],[-99.136375,23.725544],[-99.136602,23.725756],[-99.136836,23.725904],[-99.136954,23.725978],[-99.137071,23.726052],[-99.137373,23.72625],[-99.137391,23.7264],[-99.137408,23.726897],[-99.137412,23.727071],[-99.137408,23.727269],[-99.137423,23.727305],[-99.137436,23.727334],[-99.137448,23.727363],[-99.137473,23.727421],[-99.137505,23.727494],[-99.137722,23.727887],[-99.137002,23.727726],[-99.136042,23.727483],[-99.135325,23.72746],[-99.134963,23.727447],[-99.133435,23.727458],[-99.13289,23.727347],[-99.132134,23.727202],[-99.131706,23.727159],[-99.131446,23.727133],[-99.131294,23.72715],[-99.131085,23.727241],[-99.130606,23.72745],[-99.130263,23.727679],[-99.129519,23.727908],[-99.129131,23.727982],[-99.129086,23.72799],[-99.12887,23.728031],[-99.128411,23.728137],[-99.128191,23.728205],[-99.127839,23.728313],[-99.127788,23.728349],[-99.127738,23.728385],[-99.12768,23.728426],[-99.127343,23.728665],[-99.126885,23.728982],[-99.126045,23.729563],[-99.12553,23.729757],[-99.124995,23.729898],[-99.124232,23.730531]]]}},{"type":"Feature","id":1661,"properties":{"id":1147,"entidad":28,"distrito_f":5,"distrito_l":15,"municipio":41,"seccion":1661,"tipo":2,"control":1446},"geometry":{"type":"Polygon","coordinates":[[[-99.14002,23.728369],[-99.139883,23.728329],[-99.138323,23.728049],[-99.137722,23.727887],[-99.137505,23.727494],[-99.137473,23.727421],[-99.137448,23.727363],[-99.137436,23.727334],[-99.137423,23.727305],[-99.137408,23.727269],[-99.137412,23.727071],[-99.137408,23.726897],[-99.137391,23.7264],[-99.137373,23.72625],[-99.137071,23.726052],[-99.136954,23.725978],[-99.136836,23.725904],[-99.136602,23.725756],[-99.136375,23.725544],[-99.135901,23.725145],[-99.1358,23.724908],[-99.136869,23.724996],[-99.137174,23.725025],[-99.13788,23.725094],[-99.138846,23.725157],[-99.139784,23.725219],[-99.139733,23.726212],[-99.139656,23.727193],[-99.139558,23.727497],[-99.139941,23.727728],[-99.140048,23.727881],[-99.140062,23.727915],[-99.140076,23.727949],[-99.140092,23.727992],[-99.140083,23.728047],[-99.14002,23.728369]]]}},{"type":"Feature","id":1662,"properties":{"id":1148,"entidad":28,"distrito_f":5,"distrito_l":15,"municipio":41,"seccion":1662,"tipo":2,"control":1445},"geometry":{"type":"Polygon","coordinates":[[[-99.144467,23.72921],[-99.144412,23.72921],[-99.144362,23.729194],[-99.144194,23.729141],[-99.143561,23.728998],[-99.142919,23.728956],[-99.142424,23.728872],[-99.142103,23.728854],[-99.141143,23.728694],[-99.14002,23.728369],[-99.140083,23.728047],[-99.140092,23.727992],[-99.140076,23.727949],[-99.140062,23.727915],[-99.140048,23.727881],[-99.139941,23.727728],[-99.139558,23.727497],[-99.139656,23.727193],[-99.139733,23.726212],[-99.139784,23.725219],[-99.140725,23.72529],[-99.141666,23.725361],[-99.1426,23.725432],[-99.14354,23.725501],[-99.144643,23.725582],[-99.145733,23.725656],[-99.145626,23.726646],[-99.145556,23.72755],[-99.145551,23.727665],[-99.145477,23.728528],[-99.145473,23.728617],[-99.14547,23.728688],[-99.145459,23.728782],[-99.145424,23.729124],[-99.145368,23.729135],[-99.144987,23.729178],[-99.144467,23.72921]]]}},{"type":"Feature","id":1663,"properties":{"id":1149,"entidad":28,"distrito_f":5,"distrito_l":15,"municipio":41,"seccion":1663,"tipo":2,"control":1443},"geometry":{"type":"Polygon","coordinates":[[[-99.145424,23.729124],[-99.145459,23.728782],[-99.14547,23.728688],[-99.145473,23.728617],[-99.145477,23.728528],[-99.145551,23.727665],[-99.145556,23.72755],[-99.145626,23.726646],[-99.145733,23.725656],[-99.145794,23.724832],[-99.146665,23.724892],[-99.147003,23.724916],[-99.147756,23.724968],[-99.148329,23.725008],[-99.148683,23.725033],[-99.1493,23.725077],[-99.149848,23.725054],[-99.149933,23.725051],[-99.149974,23.72505],[-99.150014,23.725049],[-99.150123,23.725071],[-99.150601,23.725546],[-99.150097,23.726028],[-99.149935,23.726182],[-99.149758,23.726351],[-99.149313,23.726776],[-99.149174,23.72684],[-99.148731,23.727371],[-99.148517,23.727626],[-99.148211,23.727754],[-99.147918,23.727877],[-99.147259,23.728292],[-99.146793,23.72867],[-99.14629,23.729017],[-99.1458,23.729073],[-99.145481,23.729112],[-99.145424,23.729124]]]}},{"type":"Feature","id":1664,"properties":{"id":1150,"entidad":28,"distrito_f":5,"distrito_l":15,"municipio":41,"seccion":1664,"tipo":2,"control":1686},"geometry":{"type":"Polygon","coordinates":[[[-99.165794,23.723475],[-99.164087,23.72518],[-99.163667,23.724741],[-99.163195,23.724271],[-99.162573,23.723653],[-99.161932,23.722974],[-99.161902,23.722941],[-99.161888,23.722924],[-99.161843,23.722875],[-99.161965,23.722787],[-99.16192,23.722739],[-99.161906,23.722725],[-99.16188,23.722696],[-99.161164,23.721932],[-99.161046,23.721806],[-99.160871,23.721623],[-99.160488,23.721225],[-99.160827,23.721037],[-99.160964,23.720935],[-99.160523,23.72043],[-99.16036,23.720567],[-99.160108,23.720828],[-99.159372,23.721568],[-99.159226,23.721715],[-99.159041,23.721988],[-99.158666,23.72263],[-99.158608,23.722712],[-99.158521,23.722837],[-99.158469,23.722959],[-99.158451,23.722829],[-99.158433,23.722311],[-99.158431,23.722253],[-99.158413,23.722075],[-99.158396,23.721724],[-99.158432,23.721653],[-99.158694,23.721145],[-99.159497,23.720248],[-99.159576,23.72016],[-99.159616,23.720121],[-99.159655,23.720082],[-99.159683,23.720054],[-99.15971,23.720027],[-99.160167,23.719805],[-99.160309,23.719736],[-99.161105,23.71922],[-99.161207,23.719154],[-99.161372,23.719022],[-99.161492,23.718926],[-99.161751,23.718719],[-99.161847,23.718642],[-99.161985,23.718532],[-99.162049,23.718465],[-99.162343,23.718159],[-99.162882,23.717703],[-99.163003,23.717508],[-99.16319,23.717206],[-99.16324,23.717124],[-99.163898,23.716626],[-99.164556,23.716046],[-99.164826,23.715909],[-99.165215,23.715713],[-99.165933,23.71505],[-99.166185,23.714915],[-99.166504,23.714744],[-99.166711,23.714633],[-99.167488,23.714295],[-99.167669,23.714216],[-99.168658,23.713817],[-99.168793,23.713959],[-99.168872,23.714035],[-99.169071,23.714255],[-99.1693,23.714497],[-99.169746,23.714976],[-99.170174,23.715453],[-99.170329,23.71562],[-99.170416,23.715725],[-99.170897,23.715303],[-99.170992,23.715426],[-99.171354,23.716905],[-99.171431,23.717212],[-99.171517,23.717551],[-99.171602,23.717883],[-99.171689,23.718225],[-99.172054,23.719202],[-99.172143,23.719364],[-99.172034,23.719405],[-99.171642,23.719457],[-99.171553,23.719466],[-99.171237,23.719514],[-99.170961,23.719572],[-99.170677,23.719731],[-99.170751,23.719819],[-99.169415,23.720944],[-99.169052,23.721276],[-99.169019,23.7213],[-99.168475,23.720754],[-99.167924,23.721204],[-99.16777,23.721054],[-99.166662,23.721196],[-99.166345,23.72125],[-99.166345,23.721293],[-99.16635,23.72175],[-99.166355,23.721809],[-99.166361,23.721873],[-99.166365,23.722312],[-99.166369,23.722362],[-99.166373,23.722407],[-99.166377,23.722518],[-99.166233,23.722679],[-99.166284,23.722791],[-99.166317,23.722878],[-99.16601,23.723228],[-99.165794,23.723475]]]}},{"type":"Feature","id":1665,"properties":{"id":1151,"entidad":28,"distrito_f":5,"distrito_l":15,"municipio":41,"seccion":1665,"tipo":2,"control":1418},"geometry":{"type":"Polygon","coordinates":[[[-99.16868,23.721788],[-99.168689,23.721947],[-99.168724,23.72339],[-99.168614,23.723483],[-99.16862,23.723995],[-99.169516,23.724016],[-99.169619,23.724179],[-99.169148,23.724587],[-99.168794,23.724896],[-99.168769,23.724918],[-99.168649,23.725002],[-99.168252,23.725333],[-99.167863,23.725639],[-99.167603,23.725402],[-99.167498,23.725357],[-99.166814,23.725987],[-99.16539,23.724638],[-99.166048,23.723982],[-99.166008,23.7239],[-99.165957,23.723663],[-99.165794,23.723475],[-99.16601,23.723228],[-99.166317,23.722878],[-99.166284,23.722791],[-99.166233,23.722679],[-99.166377,23.722518],[-99.166373,23.722407],[-99.166369,23.722362],[-99.166365,23.722312],[-99.166361,23.721873],[-99.166355,23.721809],[-99.16635,23.72175],[-99.166345,23.721293],[-99.166345,23.72125],[-99.166662,23.721196],[-99.16777,23.721054],[-99.167924,23.721204],[-99.168475,23.720754],[-99.169019,23.7213],[-99.169518,23.72178],[-99.169491,23.721808],[-99.169464,23.721836],[-99.168926,23.721612],[-99.168736,23.721552],[-99.168683,23.721683],[-99.168696,23.721751],[-99.16868,23.721788]]]}},{"type":"Feature","id":1666,"properties":{"id":1152,"entidad":28,"distrito_f":5,"distrito_l":15,"municipio":41,"seccion":1666,"tipo":2,"control":1410},"geometry":{"type":"Polygon","coordinates":[[[-99.180809,23.723435],[-99.179757,23.723479],[-99.179633,23.722969],[-99.179517,23.722511],[-99.179433,23.722167],[-99.179425,23.722132],[-99.179379,23.722123],[-99.178825,23.721946],[-99.178681,23.721894],[-99.178534,23.72188],[-99.178019,23.721885],[-99.177943,23.721878],[-99.177829,23.721869],[-99.177515,23.721609],[-99.177129,23.721304],[-99.176744,23.720987],[-99.176364,23.720683],[-99.176966,23.72004],[-99.177819,23.719118],[-99.17742,23.718805],[-99.178282,23.717907],[-99.179173,23.716934],[-99.180016,23.716042],[-99.180395,23.716347],[-99.180796,23.716643],[-99.181177,23.716946],[-99.18141,23.717157],[-99.181536,23.717295],[-99.181628,23.717403],[-99.181729,23.717536],[-99.18183,23.717695],[-99.18192,23.717856],[-99.182069,23.718184],[-99.182179,23.718493],[-99.182211,23.718701],[-99.182265,23.718713],[-99.182373,23.718713],[-99.182438,23.718699],[-99.183034,23.718779],[-99.183083,23.718785],[-99.183522,23.718829],[-99.183964,23.718886],[-99.184418,23.71895],[-99.184808,23.719042],[-99.184867,23.719129],[-99.185002,23.718654],[-99.18515,23.718212],[-99.18566,23.71842],[-99.186543,23.718767],[-99.187636,23.719183],[-99.188249,23.719367],[-99.18824,23.719438],[-99.188234,23.719486],[-99.188193,23.71983],[-99.188188,23.719869],[-99.18818,23.719917],[-99.188173,23.719963],[-99.188116,23.72034],[-99.188098,23.720451],[-99.188054,23.720816],[-99.188066,23.721017],[-99.188073,23.721034],[-99.187767,23.72114],[-99.187445,23.72114],[-99.187527,23.721251],[-99.187424,23.721282],[-99.187132,23.721292],[-99.186617,23.721314],[-99.186088,23.721361],[-99.185563,23.721418],[-99.185023,23.721457],[-99.184494,23.721505],[-99.183974,23.721564],[-99.183472,23.72159],[-99.183226,23.72157],[-99.182962,23.721529],[-99.182457,23.721456],[-99.182064,23.721313],[-99.181863,23.721145],[-99.181807,23.721122],[-99.181736,23.721098],[-99.181702,23.721086],[-99.181643,23.72124],[-99.181572,23.721425],[-99.181464,23.721707],[-99.181339,23.722033],[-99.181241,23.722289],[-99.181082,23.722742],[-99.180809,23.723435]]]}},{"type":"Feature","id":1667,"properties":{"id":1153,"entidad":28,"distrito_f":5,"distrito_l":15,"municipio":41,"seccion":1667,"tipo":2,"control":1740},"geometry":{"type":"Polygon","coordinates":[[[-99.195298,23.715973],[-99.194488,23.723398],[-99.192877,23.723311],[-99.192462,23.723283],[-99.192252,23.723337],[-99.191992,23.72334],[-99.191788,23.723364],[-99.19163,23.723395],[-99.191437,23.723389],[-99.191294,23.723378],[-99.19108,23.723372],[-99.190818,23.723319],[-99.190551,23.723324],[-99.190327,23.723366],[-99.189835,23.723391],[-99.189745,23.723397],[-99.189661,23.7234],[-99.189737,23.722922],[-99.189735,23.722804],[-99.189697,23.722761],[-99.189702,23.722711],[-99.189732,23.72257],[-99.189743,23.722526],[-99.189723,23.722523],[-99.188323,23.722349],[-99.188423,23.721709],[-99.188424,23.721691],[-99.188057,23.72165],[-99.188148,23.721205],[-99.188141,23.72103],[-99.188073,23.721034],[-99.188066,23.721017],[-99.188054,23.720816],[-99.188098,23.720451],[-99.188116,23.72034],[-99.188173,23.719963],[-99.18818,23.719917],[-99.188188,23.719869],[-99.188193,23.71983],[-99.188234,23.719486],[-99.18824,23.719438],[-99.188249,23.719367],[-99.187636,23.719183],[-99.186543,23.718767],[-99.18566,23.71842],[-99.18515,23.718212],[-99.185002,23.718654],[-99.184867,23.719129],[-99.184808,23.719042],[-99.184418,23.71895],[-99.183964,23.718886],[-99.183522,23.718829],[-99.183083,23.718785],[-99.183034,23.718779],[-99.182438,23.718699],[-99.182373,23.718713],[-99.182265,23.718713],[-99.182211,23.718701],[-99.182179,23.718493],[-99.182069,23.718184],[-99.18192,23.717856],[-99.18183,23.717695],[-99.181729,23.717536],[-99.181628,23.717403],[-99.181536,23.717295],[-99.18141,23.717157],[-99.181177,23.716946],[-99.180796,23.716643],[-99.180395,23.716347],[-99.180016,23.716042],[-99.179605,23.715718],[-99.179698,23.715609],[-99.179871,23.715637],[-99.180149,23.715554],[-99.180442,23.715466],[-99.180664,23.715388],[-99.180722,23.715282],[-99.18101,23.714773],[-99.180957,23.714655],[-99.18119,23.714477],[-99.181367,23.714347],[-99.181472,23.714277],[-99.18164,23.71433],[-99.181842,23.713931],[-99.181662,23.713865],[-99.181881,23.713355],[-99.18209,23.71293],[-99.182324,23.712443],[-99.18257,23.711983],[-99.183114,23.712181],[-99.183342,23.711708],[-99.183821,23.711918],[-99.185179,23.712437],[-99.186232,23.712915],[-99.186875,23.713184],[-99.187284,23.713353],[-99.187328,23.713371],[-99.18782,23.713576],[-99.188282,23.713767],[-99.188768,23.713971],[-99.189301,23.714194],[-99.190036,23.71448],[-99.190532,23.714679],[-99.190592,23.714706],[-99.190667,23.714726],[-99.191152,23.714915],[-99.191553,23.715036],[-99.19192,23.715167],[-99.195298,23.715973]]]}},{"type":"Feature","id":1668,"properties":{"id":1154,"entidad":28,"distrito_f":5,"distrito_l":15,"municipio":41,"seccion":1668,"tipo":2,"control":1416},"geometry":{"type":"Polygon","coordinates":[[[-99.179605,23.715718],[-99.179235,23.715426],[-99.178835,23.715099],[-99.178551,23.714877],[-99.178631,23.714808],[-99.178697,23.714685],[-99.179177,23.713756],[-99.179336,23.713427],[-99.179653,23.712771],[-99.179779,23.71253],[-99.180065,23.711971],[-99.180245,23.711593],[-99.180728,23.710633],[-99.181216,23.709657],[-99.181765,23.709901],[-99.182306,23.710128],[-99.182782,23.710329],[-99.183284,23.71054],[-99.183047,23.711013],[-99.18281,23.711485],[-99.183342,23.711708],[-99.183114,23.712181],[-99.18257,23.711983],[-99.182324,23.712443],[-99.18209,23.71293],[-99.181881,23.713355],[-99.181662,23.713865],[-99.181842,23.713931],[-99.18164,23.71433],[-99.181472,23.714277],[-99.181367,23.714347],[-99.18119,23.714477],[-99.180957,23.714655],[-99.18101,23.714773],[-99.180722,23.715282],[-99.180664,23.715388],[-99.180442,23.715466],[-99.180149,23.715554],[-99.179871,23.715637],[-99.179698,23.715609],[-99.179605,23.715718]]]}},{"type":"Feature","id":1669,"properties":{"id":1155,"entidad":28,"distrito_f":5,"distrito_l":15,"municipio":41,"seccion":1669,"tipo":2,"control":1662},"geometry":{"type":"Polygon","coordinates":[[[-99.168658,23.713817],[-99.168733,23.713755],[-99.168856,23.713652],[-99.169243,23.71333],[-99.169396,23.713203],[-99.169739,23.712947],[-99.170165,23.71263],[-99.170514,23.71237],[-99.170909,23.712053],[-99.17101,23.711973],[-99.171602,23.711501],[-99.171712,23.711414],[-99.171905,23.711342],[-99.171998,23.711308],[-99.172097,23.711204],[-99.172202,23.711093],[-99.17232,23.711005],[-99.172429,23.710962],[-99.172526,23.710923],[-99.17272,23.710768],[-99.173047,23.710602],[-99.173285,23.710445],[-99.173567,23.710268],[-99.173889,23.709878],[-99.174074,23.709633],[-99.174254,23.709438],[-99.174469,23.709164],[-99.174475,23.708758],[-99.174526,23.708225],[-99.174605,23.708145],[-99.174792,23.707957],[-99.174929,23.70782],[-99.175041,23.707706],[-99.175765,23.707259],[-99.177855,23.705967],[-99.177999,23.706276],[-99.178166,23.706572],[-99.178296,23.706815],[-99.178527,23.707286],[-99.1786,23.707499],[-99.178657,23.70771],[-99.178689,23.708079],[-99.178666,23.708324],[-99.178591,23.708577],[-99.178497,23.708807],[-99.178314,23.709091],[-99.178088,23.709332],[-99.177771,23.709608],[-99.177361,23.709939],[-99.176773,23.710435],[-99.176357,23.710767],[-99.175697,23.711397],[-99.175553,23.711524],[-99.175156,23.711877],[-99.174995,23.711912],[-99.175102,23.71213],[-99.175293,23.712292],[-99.175479,23.71245],[-99.175996,23.71285],[-99.176385,23.713148],[-99.176772,23.713467],[-99.177189,23.713788],[-99.17757,23.71408],[-99.177949,23.714367],[-99.178426,23.714779],[-99.178551,23.714877],[-99.178835,23.715099],[-99.179235,23.715426],[-99.179605,23.715718],[-99.180016,23.716042],[-99.179173,23.716934],[-99.178282,23.717907],[-99.17742,23.718805],[-99.177819,23.719118],[-99.176966,23.72004],[-99.176364,23.720683],[-99.175973,23.720376],[-99.175263,23.721139],[-99.175205,23.721202],[-99.175166,23.721167],[-99.175064,23.721075],[-99.175292,23.720751],[-99.175191,23.720608],[-99.175093,23.720537],[-99.174777,23.720292],[-99.174707,23.720206],[-99.174632,23.720118],[-99.174502,23.719871],[-99.174448,23.719776],[-99.174314,23.719549],[-99.174009,23.719616],[-99.173852,23.719567],[-99.173714,23.719576],[-99.172884,23.719389],[-99.172054,23.719202],[-99.171689,23.718225],[-99.171602,23.717883],[-99.171517,23.717551],[-99.171431,23.717212],[-99.171354,23.716905],[-99.170992,23.715426],[-99.170897,23.715303],[-99.170416,23.715725],[-99.170329,23.71562],[-99.170174,23.715453],[-99.169746,23.714976],[-99.1693,23.714497],[-99.169071,23.714255],[-99.168872,23.714035],[-99.168793,23.713959],[-99.168658,23.713817]]]}},{"type":"Feature","id":1670,"properties":{"id":1156,"entidad":28,"distrito_f":5,"distrito_l":15,"municipio":41,"seccion":1670,"tipo":2,"control":1423},"geometry":{"type":"Polygon","coordinates":[[[-99.157618,23.722043],[-99.156644,23.722026],[-99.156234,23.721824],[-99.156249,23.721734],[-99.156284,23.72153],[-99.156302,23.721418],[-99.156311,23.721365],[-99.156322,23.721296],[-99.156325,23.721278],[-99.156336,23.72121],[-99.156365,23.721033],[-99.1564,23.720822],[-99.156432,23.720415],[-99.15647,23.719965],[-99.156509,23.719545],[-99.156714,23.719453],[-99.15687,23.719406],[-99.157541,23.71911],[-99.157543,23.719498],[-99.157568,23.719493],[-99.158227,23.719369],[-99.158226,23.719345],[-99.15822,23.719083],[-99.158208,23.718516],[-99.158202,23.718249],[-99.158175,23.717969],[-99.158124,23.717429],[-99.158117,23.717346],[-99.158106,23.717162],[-99.158099,23.716901],[-99.158087,23.716834],[-99.158061,23.716372],[-99.158049,23.716317],[-99.15804,23.716271],[-99.15793,23.715748],[-99.157807,23.715158],[-99.157934,23.715152],[-99.159842,23.715222],[-99.159815,23.715807],[-99.159793,23.716282],[-99.159787,23.716375],[-99.159755,23.716922],[-99.159726,23.717407],[-99.159722,23.717482],[-99.159689,23.718035],[-99.159657,23.718583],[-99.159656,23.718608],[-99.159639,23.719071],[-99.15964,23.719124],[-99.159641,23.71923],[-99.159642,23.719394],[-99.159644,23.71954],[-99.159655,23.720082],[-99.159616,23.720121],[-99.159576,23.72016],[-99.159497,23.720248],[-99.158694,23.721145],[-99.158432,23.721653],[-99.158396,23.721724],[-99.158345,23.721764],[-99.157618,23.722043]]]}},{"type":"Feature","id":1676,"properties":{"id":1122,"entidad":28,"distrito_f":5,"distrito_l":15,"municipio":41,"seccion":1676,"tipo":2,"control":1450},"geometry":{"type":"Polygon","coordinates":[[[-99.135622,23.724891],[-99.135228,23.724903],[-99.135202,23.724899],[-99.135115,23.724882],[-99.134505,23.724769],[-99.134564,23.7244],[-99.133668,23.724231],[-99.13354,23.725044],[-99.132496,23.724893],[-99.132236,23.724851],[-99.132792,23.724264],[-99.133374,23.72365],[-99.133961,23.723034],[-99.134013,23.723088],[-99.134048,23.722794],[-99.134797,23.722872],[-99.135897,23.722952],[-99.135935,23.722955],[-99.13701,23.723046],[-99.138003,23.723092],[-99.138948,23.72316],[-99.139014,23.723169],[-99.139907,23.723282],[-99.139881,23.723703],[-99.139846,23.72425],[-99.139784,23.725219],[-99.138846,23.725157],[-99.13788,23.725094],[-99.137174,23.725025],[-99.136869,23.724996],[-99.1358,23.724908],[-99.135622,23.724891]]]}},{"type":"Feature","id":1671,"properties":{"id":1158,"entidad":28,"distrito_f":5,"distrito_l":15,"municipio":41,"seccion":1671,"tipo":2,"control":1427},"geometry":{"type":"Polygon","coordinates":[[[-99.1538,23.71844],[-99.15387,23.718436],[-99.154648,23.718387],[-99.154902,23.718367],[-99.155565,23.718371],[-99.155637,23.717635],[-99.157476,23.71723],[-99.157521,23.716915],[-99.157872,23.716906],[-99.157981,23.716904],[-99.158099,23.716901],[-99.158106,23.717162],[-99.158117,23.717346],[-99.158124,23.717429],[-99.158175,23.717969],[-99.158202,23.718249],[-99.158208,23.718516],[-99.15822,23.719083],[-99.158226,23.719345],[-99.158227,23.719369],[-99.157568,23.719493],[-99.157543,23.719498],[-99.157541,23.71911],[-99.15687,23.719406],[-99.156714,23.719453],[-99.156509,23.719545],[-99.15647,23.719965],[-99.156432,23.720415],[-99.1564,23.720822],[-99.156365,23.721033],[-99.156336,23.72121],[-99.156325,23.721278],[-99.156322,23.721296],[-99.156311,23.721365],[-99.156302,23.721418],[-99.156284,23.72153],[-99.156249,23.721734],[-99.156234,23.721824],[-99.155313,23.721621],[-99.155253,23.721608],[-99.155212,23.7216],[-99.154688,23.721491],[-99.154295,23.72145],[-99.153514,23.721584],[-99.152792,23.722203],[-99.152773,23.722219],[-99.152571,23.722306],[-99.152572,23.722134],[-99.152573,23.722018],[-99.152574,23.721791],[-99.152574,23.721734],[-99.152594,23.721612],[-99.152618,23.721491],[-99.152641,23.72127],[-99.15265,23.721206],[-99.152696,23.720986],[-99.152718,23.720861],[-99.152803,23.72039],[-99.153203,23.719599],[-99.153367,23.719287],[-99.15345,23.719111],[-99.153473,23.719062],[-99.153524,23.71906],[-99.153689,23.719076],[-99.153795,23.718483],[-99.1538,23.71844]]]}},{"type":"Feature","id":1672,"properties":{"id":1159,"entidad":28,"distrito_f":5,"distrito_l":15,"municipio":41,"seccion":1672,"tipo":2,"control":1748},"geometry":{"type":"Polygon","coordinates":[[[-99.150601,23.725546],[-99.150123,23.725071],[-99.150014,23.725049],[-99.149974,23.72505],[-99.149933,23.725051],[-99.149848,23.725054],[-99.1493,23.725077],[-99.148683,23.725033],[-99.148329,23.725008],[-99.147756,23.724968],[-99.147003,23.724916],[-99.146665,23.724892],[-99.145794,23.724832],[-99.14588,23.723964],[-99.145969,23.723056],[-99.146786,23.723126],[-99.147341,23.723184],[-99.14789,23.723243],[-99.148376,23.723285],[-99.148833,23.723324],[-99.148922,23.723332],[-99.149343,23.723352],[-99.149682,23.723369],[-99.149804,23.723375],[-99.149821,23.722919],[-99.150318,23.722774],[-99.150509,23.722716],[-99.150634,23.723142],[-99.150706,23.723406],[-99.150796,23.723807],[-99.150812,23.723903],[-99.150824,23.723952],[-99.150858,23.724089],[-99.150887,23.724186],[-99.151105,23.724928],[-99.150601,23.725546]]]}},{"type":"Feature","id":1673,"properties":{"id":1931,"entidad":28,"distrito_f":5,"distrito_l":15,"municipio":41,"seccion":1673,"tipo":3,"control":1749},"geometry":{"type":"Polygon","coordinates":[[[-99.155565,23.718371],[-99.154902,23.718367],[-99.154648,23.718387],[-99.15387,23.718436],[-99.1538,23.71844],[-99.153795,23.718483],[-99.153689,23.719076],[-99.153524,23.71906],[-99.153473,23.719062],[-99.15345,23.719111],[-99.153367,23.719287],[-99.153203,23.719599],[-99.152803,23.72039],[-99.152718,23.720861],[-99.152696,23.720986],[-99.15265,23.721206],[-99.152641,23.72127],[-99.152618,23.721491],[-99.152594,23.721612],[-99.152574,23.721734],[-99.152574,23.721791],[-99.152573,23.722018],[-99.152572,23.722134],[-99.152571,23.722306],[-99.152565,23.722336],[-99.15249,23.722664],[-99.152403,23.723051],[-99.152178,23.72326],[-99.152086,23.723489],[-99.151911,23.723591],[-99.151599,23.724236],[-99.151347,23.72463],[-99.151105,23.724928],[-99.150887,23.724186],[-99.150858,23.724089],[-99.150824,23.723952],[-99.150812,23.723903],[-99.150796,23.723807],[-99.150706,23.723406],[-99.150634,23.723142],[-99.150509,23.722716],[-99.150318,23.722774],[-99.149821,23.722919],[-99.149804,23.723375],[-99.149682,23.723369],[-99.149343,23.723352],[-99.148922,23.723332],[-99.148833,23.723324],[-99.148376,23.723285],[-99.14789,23.723243],[-99.147341,23.723184],[-99.146786,23.723126],[-99.145969,23.723056],[-99.14588,23.723964],[-99.144749,23.723895],[-99.144752,23.723718],[-99.144808,23.723552],[-99.144932,23.723355],[-99.145204,23.723155],[-99.145376,23.723014],[-99.145499,23.722824],[-99.145619,23.722591],[-99.14568,23.722457],[-99.14571,23.722335],[-99.145746,23.722084],[-99.145719,23.721808],[-99.14575,23.721518],[-99.145822,23.721395],[-99.145957,23.721308],[-99.146246,23.721262],[-99.146318,23.721251],[-99.146639,23.721236],[-99.14671,23.721205],[-99.146748,23.721188],[-99.14699,23.720964],[-99.147037,23.720812],[-99.146979,23.720479],[-99.146926,23.720346],[-99.146904,23.720291],[-99.146869,23.720206],[-99.146869,23.720145],[-99.146833,23.720048],[-99.146796,23.719947],[-99.146765,23.719865],[-99.146749,23.719822],[-99.146702,23.719721],[-99.146488,23.719246],[-99.146047,23.718368],[-99.14575,23.717941],[-99.14536,23.717698],[-99.145064,23.717621],[-99.144838,23.717563],[-99.144638,23.717553],[-99.144482,23.717545],[-99.144327,23.717537],[-99.14426,23.717431],[-99.144169,23.717284],[-99.143757,23.716761],[-99.14368,23.716459],[-99.143556,23.715978],[-99.143478,23.715588],[-99.143467,23.715532],[-99.143452,23.715456],[-99.143317,23.714781],[-99.143261,23.714503],[-99.143233,23.714349],[-99.143206,23.714201],[-99.143164,23.71397],[-99.143117,23.71367],[-99.142952,23.712614],[-99.142923,23.712414],[-99.142906,23.712296],[-99.142853,23.711931],[-99.142835,23.711808],[-99.142819,23.711692],[-99.142768,23.71132],[-99.142674,23.710851],[-99.142639,23.71055],[-99.142605,23.710249],[-99.142659,23.709997],[-99.142872,23.70953],[-99.143292,23.708668],[-99.143367,23.708512],[-99.143443,23.70854],[-99.143476,23.708463],[-99.143753,23.707817],[-99.143906,23.707451],[-99.144325,23.706574],[-99.144509,23.706095],[-99.144394,23.705875],[-99.144288,23.705146],[-99.144488,23.705012],[-99.144655,23.704898],[-99.145243,23.704496],[-99.145272,23.704477],[-99.145351,23.704424],[-99.145303,23.703993],[-99.14527,23.703523],[-99.145262,23.703393],[-99.14523,23.702874],[-99.145224,23.702817],[-99.145214,23.702777],[-99.14517,23.70235],[-99.145165,23.702306],[-99.145157,23.702248],[-99.145138,23.701973],[-99.145415,23.70177],[-99.145448,23.701748],[-99.145644,23.70197],[-99.145835,23.701848],[-99.146433,23.701411],[-99.147101,23.700942],[-99.147183,23.700885],[-99.14715,23.700823],[-99.147022,23.700666],[-99.146911,23.700538],[-99.146873,23.700539],[-99.146597,23.70016],[-99.146308,23.699775],[-99.145999,23.699414],[-99.145793,23.699553],[-99.145327,23.699096],[-99.144981,23.698765],[-99.144655,23.698432],[-99.144348,23.698104],[-99.144023,23.697777],[-99.14385,23.697608],[-99.144664,23.697001],[-99.145574,23.696368],[-99.145778,23.696577],[-99.14687,23.695825],[-99.146698,23.695652],[-99.146332,23.695243],[-99.145995,23.694893],[-99.14576,23.69464],[-99.14562,23.694489],[-99.143637,23.692409],[-99.141075,23.68967],[-99.139951,23.688534],[-99.142759,23.688563],[-99.145843,23.688529],[-99.146447,23.688528],[-99.146384,23.686944],[-99.148761,23.686616],[-99.1695,23.683751],[-99.17715,23.697252],[-99.177656,23.697754],[-99.176086,23.698588],[-99.177348,23.700673],[-99.175554,23.701708],[-99.175906,23.702145],[-99.174623,23.702903],[-99.174937,23.703289],[-99.172772,23.704526],[-99.170526,23.705009],[-99.170547,23.704825],[-99.170476,23.704575],[-99.170242,23.704628],[-99.169676,23.70325],[-99.169421,23.703296],[-99.169252,23.702872],[-99.168557,23.70316],[-99.168731,23.703607],[-99.168603,23.703808],[-99.168564,23.705032],[-99.168709,23.705359],[-99.167986,23.705701],[-99.167361,23.706043],[-99.166345,23.706656],[-99.165583,23.705141],[-99.16537,23.704693],[-99.165143,23.7042],[-99.164819,23.703569],[-99.164299,23.702672],[-99.163968,23.702074],[-99.163547,23.702271],[-99.16367,23.701569],[-99.163762,23.700807],[-99.164143,23.700402],[-99.164273,23.700053],[-99.164305,23.699859],[-99.164126,23.699696],[-99.163892,23.699453],[-99.163989,23.699134],[-99.163723,23.698914],[-99.163654,23.698911],[-99.163258,23.699211],[-99.163234,23.699411],[-99.162971,23.699535],[-99.162801,23.69951],[-99.162256,23.699482],[-99.161348,23.699737],[-99.161103,23.699802],[-99.160933,23.69985],[-99.160576,23.699899],[-99.160179,23.699983],[-99.159648,23.70013],[-99.159164,23.700243],[-99.158622,23.700368],[-99.158106,23.700525],[-99.157608,23.700677],[-99.157084,23.700787],[-99.157061,23.700792],[-99.156528,23.700905],[-99.155946,23.700965],[-99.156094,23.70175],[-99.156123,23.701922],[-99.156308,23.703002],[-99.156527,23.704239],[-99.156547,23.704355],[-99.156113,23.704487],[-99.15592,23.704548],[-99.15522,23.704707],[-99.154205,23.704937],[-99.153807,23.704214],[-99.152627,23.704593],[-99.152289,23.704714],[-99.152297,23.704738],[-99.152383,23.705502],[-99.152395,23.705644],[-99.152398,23.705759],[-99.15223,23.705834],[-99.152212,23.706678],[-99.1522,23.706735],[-99.152204,23.707747],[-99.152195,23.707837],[-99.152194,23.708898],[-99.152183,23.70898],[-99.152159,23.710204],[-99.152165,23.710313],[-99.152159,23.711869],[-99.152126,23.712],[-99.153645,23.712609],[-99.155093,23.713152],[-99.155124,23.713166],[-99.156271,23.71369],[-99.15634,23.713732],[-99.156707,23.713952],[-99.157199,23.714378],[-99.157537,23.714763],[-99.157807,23.715158],[-99.15793,23.715748],[-99.15804,23.716271],[-99.158049,23.716317],[-99.158061,23.716372],[-99.158087,23.716834],[-99.158099,23.716901],[-99.157981,23.716904],[-99.157872,23.716906],[-99.157521,23.716915],[-99.157476,23.71723],[-99.155637,23.717635],[-99.155565,23.718371]]]}},{"type":"Feature","id":1674,"properties":{"id":1160,"entidad":28,"distrito_f":5,"distrito_l":15,"municipio":41,"seccion":1674,"tipo":2,"control":1447},"geometry":{"type":"Polygon","coordinates":[[[-99.145733,23.725656],[-99.144643,23.725582],[-99.14354,23.725501],[-99.1426,23.725432],[-99.141666,23.725361],[-99.140725,23.72529],[-99.139784,23.725219],[-99.139846,23.72425],[-99.139881,23.723703],[-99.139907,23.723282],[-99.140057,23.723325],[-99.140307,23.723365],[-99.140813,23.723417],[-99.141451,23.723455],[-99.14174,23.723472],[-99.142663,23.72356],[-99.1436,23.723648],[-99.143595,23.723808],[-99.144749,23.723895],[-99.14588,23.723964],[-99.145794,23.724832],[-99.145733,23.725656]]]}},{"type":"Feature","id":1677,"properties":{"id":1126,"entidad":28,"distrito_f":5,"distrito_l":15,"municipio":41,"seccion":1677,"tipo":2,"control":1449},"geometry":{"type":"Polygon","coordinates":[[[-99.139907,23.723282],[-99.139014,23.723169],[-99.138948,23.72316],[-99.138003,23.723092],[-99.13701,23.723046],[-99.135935,23.722955],[-99.135897,23.722952],[-99.134797,23.722872],[-99.134857,23.722567],[-99.13504,23.722542],[-99.135072,23.721411],[-99.135118,23.720529],[-99.136091,23.720552],[-99.136138,23.720553],[-99.137067,23.720595],[-99.138041,23.72064],[-99.139048,23.720686],[-99.13908,23.720687],[-99.140009,23.720729],[-99.139991,23.721642],[-99.139947,23.722536],[-99.139932,23.722804],[-99.139907,23.723282]]]}},{"type":"Feature","id":1678,"properties":{"id":1162,"entidad":28,"distrito_f":5,"distrito_l":15,"municipio":41,"seccion":1678,"tipo":2,"control":1488},"geometry":{"type":"Polygon","coordinates":[[[-99.132236,23.724851],[-99.131799,23.724508],[-99.131717,23.724444],[-99.131381,23.724191],[-99.13102,23.723919],[-99.130968,23.723862],[-99.130548,23.723582],[-99.130442,23.723545],[-99.130391,23.723509],[-99.129955,23.723509],[-99.129994,23.723321],[-99.130013,23.723239],[-99.130025,23.722978],[-99.130029,23.722924],[-99.130035,23.722739],[-99.130026,23.722601],[-99.130024,23.722484],[-99.130022,23.72231],[-99.130017,23.72216],[-99.130298,23.722169],[-99.13084,23.722147],[-99.130873,23.722146],[-99.131448,23.722124],[-99.132003,23.722102],[-99.132321,23.722105],[-99.132446,23.722177],[-99.13258,23.722265],[-99.132615,23.722638],[-99.132635,23.722658],[-99.132661,23.72284],[-99.132666,23.722872],[-99.132701,23.72285],[-99.132748,23.72277],[-99.132849,23.722666],[-99.132893,23.722588],[-99.132949,23.722464],[-99.132968,23.722404],[-99.133006,23.722258],[-99.133055,23.722265],[-99.13317,23.7223],[-99.133221,23.722327],[-99.133444,23.722482],[-99.133552,23.722556],[-99.133589,23.722603],[-99.133804,23.722874],[-99.133961,23.723034],[-99.133374,23.72365],[-99.132792,23.724264],[-99.132236,23.724851]]]}},{"type":"Feature","id":1679,"properties":{"id":1163,"entidad":28,"distrito_f":5,"distrito_l":15,"municipio":41,"seccion":1679,"tipo":2,"control":1489},"geometry":{"type":"Polygon","coordinates":[[[-99.133552,23.722556],[-99.133444,23.722482],[-99.133221,23.722327],[-99.13317,23.7223],[-99.133055,23.722265],[-99.133006,23.722258],[-99.132968,23.722404],[-99.132949,23.722464],[-99.132893,23.722588],[-99.132849,23.722666],[-99.132748,23.72277],[-99.132701,23.72285],[-99.132666,23.722872],[-99.132661,23.72284],[-99.132635,23.722658],[-99.132615,23.722638],[-99.13258,23.722265],[-99.132446,23.722177],[-99.132321,23.722105],[-99.132003,23.722102],[-99.131448,23.722124],[-99.130873,23.722146],[-99.13084,23.722147],[-99.130298,23.722169],[-99.130017,23.72216],[-99.13002,23.721995],[-99.130014,23.721924],[-99.130011,23.721891],[-99.13,23.721745],[-99.129977,23.721443],[-99.129974,23.721378],[-99.129972,23.721269],[-99.129966,23.720966],[-99.129966,23.720925],[-99.13001,23.720837],[-99.129945,23.719927],[-99.129919,23.719817],[-99.129915,23.719796],[-99.130114,23.719777],[-99.130745,23.71967],[-99.13112,23.719607],[-99.131194,23.719859],[-99.131251,23.720174],[-99.13122,23.720242],[-99.131353,23.720356],[-99.132183,23.720381],[-99.133051,23.72039],[-99.133158,23.720399],[-99.13407,23.720475],[-99.134112,23.720477],[-99.135118,23.720529],[-99.135072,23.721411],[-99.13504,23.722542],[-99.134857,23.722567],[-99.134797,23.722872],[-99.134048,23.722794],[-99.134013,23.723088],[-99.133961,23.723034],[-99.133804,23.722874],[-99.133589,23.722603],[-99.133552,23.722556]]]}},{"type":"Feature","id":1680,"properties":{"id":1164,"entidad":28,"distrito_f":5,"distrito_l":15,"municipio":41,"seccion":1680,"tipo":2,"control":2168},"geometry":{"type":"Polygon","coordinates":[[[-99.113173,23.719398],[-99.113313,23.719401],[-99.115897,23.719452],[-99.11626,23.719459],[-99.117073,23.719473],[-99.11771,23.719472],[-99.117881,23.719474],[-99.120417,23.719544],[-99.121127,23.719558],[-99.121723,23.719567],[-99.122105,23.719573],[-99.122948,23.719586],[-99.124031,23.719603],[-99.124274,23.719607],[-99.125112,23.719619],[-99.125444,23.719624],[-99.126193,23.719631],[-99.126845,23.719698],[-99.12756,23.719733],[-99.127647,23.719735],[-99.129832,23.719787],[-99.129915,23.719796],[-99.129919,23.719817],[-99.129945,23.719927],[-99.13001,23.720837],[-99.129966,23.720925],[-99.129966,23.720966],[-99.129972,23.721269],[-99.129974,23.721378],[-99.129977,23.721443],[-99.13,23.721745],[-99.130011,23.721891],[-99.130014,23.721924],[-99.13002,23.721995],[-99.130017,23.72216],[-99.130022,23.72231],[-99.130024,23.722484],[-99.130026,23.722601],[-99.130035,23.722739],[-99.130029,23.722924],[-99.130025,23.722978],[-99.130013,23.723239],[-99.129994,23.723321],[-99.129955,23.723509],[-99.129936,23.723612],[-99.129917,23.723665],[-99.1299,23.723711],[-99.129866,23.723803],[-99.129836,23.723883],[-99.129788,23.723954],[-99.129741,23.724025],[-99.129424,23.724527],[-99.12935,23.724633],[-99.12909,23.725037],[-99.128825,23.725449],[-99.128771,23.725263],[-99.128704,23.725087],[-99.128608,23.724917],[-99.128489,23.724747],[-99.128334,23.724608],[-99.127839,23.724374],[-99.127052,23.724321],[-99.123191,23.724365],[-99.12316,23.724366],[-99.123051,23.723747],[-99.123066,23.723553],[-99.123,23.723185],[-99.119574,23.723067],[-99.11779,23.723002],[-99.117709,23.72297],[-99.117395,23.723176],[-99.117071,23.72338],[-99.117052,23.723392],[-99.117011,23.723418],[-99.116644,23.72365],[-99.116277,23.723881],[-99.115916,23.724109],[-99.115675,23.72426],[-99.115025,23.723482],[-99.114419,23.72277],[-99.113862,23.722126],[-99.113682,23.722259],[-99.111443,23.722134],[-99.11145,23.722115],[-99.111468,23.721041],[-99.111492,23.720604],[-99.111503,23.720174],[-99.11152,23.719749],[-99.111544,23.719431],[-99.111542,23.71938],[-99.113173,23.719398]]]}},{"type":"Feature","id":1681,"properties":{"id":964,"entidad":28,"distrito_f":5,"distrito_l":15,"municipio":41,"seccion":1681,"tipo":2,"control":1492},"geometry":{"type":"Polygon","coordinates":[[[-99.111362,23.733512],[-99.111178,23.733616],[-99.110915,23.733779],[-99.110867,23.733811],[-99.111589,23.734903],[-99.111647,23.734997],[-99.111878,23.735358],[-99.111646,23.735489],[-99.111087,23.735585],[-99.110765,23.735758],[-99.110627,23.735832],[-99.11,23.736186],[-99.109454,23.73645],[-99.108865,23.736731],[-99.108527,23.736945],[-99.108006,23.737099],[-99.10756,23.737247],[-99.107226,23.73731],[-99.106955,23.737434],[-99.106636,23.73754],[-99.106354,23.73758],[-99.106022,23.737658],[-99.105715,23.737765],[-99.105286,23.738136],[-99.105009,23.738434],[-99.104653,23.738777],[-99.104316,23.739176],[-99.103892,23.739637],[-99.103579,23.740092],[-99.103309,23.740204],[-99.102787,23.740699],[-99.102283,23.740997],[-99.101897,23.741272],[-99.101326,23.741581],[-99.101037,23.741935],[-99.100837,23.742151],[-99.100683,23.74183],[-99.100412,23.741514],[-99.100289,23.741458],[-99.100154,23.741435],[-99.100055,23.741311],[-99.099944,23.741277],[-99.099858,23.741187],[-99.099759,23.741018],[-99.099821,23.740933],[-99.099846,23.740815],[-99.100258,23.740516],[-99.100102,23.740359],[-99.099669,23.739838],[-99.099374,23.739483],[-99.100734,23.738548],[-99.099463,23.736995],[-99.09983,23.736739],[-99.098916,23.7356],[-99.099422,23.735279],[-99.099085,23.734867],[-99.099425,23.734623],[-99.099799,23.734368],[-99.100163,23.734097],[-99.100502,23.734507],[-99.102056,23.733442],[-99.10319,23.732626],[-99.103414,23.732457],[-99.103825,23.732236],[-99.104121,23.732023],[-99.10464,23.731673],[-99.10512,23.731352],[-99.106118,23.730685],[-99.107089,23.730013],[-99.107664,23.729651],[-99.107326,23.729241],[-99.10703,23.728882],[-99.106731,23.72852],[-99.106449,23.728177],[-99.106149,23.727814],[-99.105909,23.727522],[-99.106109,23.727399],[-99.106381,23.727208],[-99.107652,23.726324],[-99.108788,23.725528],[-99.108415,23.725067],[-99.108433,23.725035],[-99.108393,23.724941],[-99.10833,23.724867],[-99.10825,23.724737],[-99.108153,23.724622],[-99.107999,23.724424],[-99.107868,23.724267],[-99.107731,23.724126],[-99.107623,23.723922],[-99.10752,23.723807],[-99.107429,23.723698],[-99.107338,23.723583],[-99.107235,23.723468],[-99.107149,23.723343],[-99.107127,23.723259],[-99.107121,23.723108],[-99.107149,23.723003],[-99.107166,23.722883],[-99.107161,23.722815],[-99.107161,23.722763],[-99.107132,23.722705],[-99.107132,23.722632],[-99.107126,23.722593],[-99.108407,23.722614],[-99.108418,23.722306],[-99.108438,23.721998],[-99.109654,23.722012],[-99.110113,23.722043],[-99.110336,23.722037],[-99.111353,23.722123],[-99.111443,23.722134],[-99.113682,23.722259],[-99.113862,23.722126],[-99.114419,23.72277],[-99.115025,23.723482],[-99.115675,23.72426],[-99.115916,23.724109],[-99.116277,23.723881],[-99.116644,23.72365],[-99.117011,23.723418],[-99.117052,23.723392],[-99.117071,23.72338],[-99.117395,23.723176],[-99.117709,23.72297],[-99.11779,23.723002],[-99.119574,23.723067],[-99.123,23.723185],[-99.123066,23.723553],[-99.123051,23.723747],[-99.117262,23.728114],[-99.114361,23.730218],[-99.113986,23.730027],[-99.113929,23.729997],[-99.113534,23.729799],[-99.113442,23.729752],[-99.113,23.72953],[-99.112956,23.729508],[-99.112437,23.729823],[-99.112389,23.729852],[-99.111109,23.73073],[-99.111079,23.73075],[-99.109851,23.731566],[-99.110144,23.731951],[-99.110437,23.732336],[-99.11073,23.732721],[-99.111023,23.733105],[-99.111043,23.733131],[-99.111362,23.733512]]]}},{"type":"Feature","id":1687,"properties":{"id":965,"entidad":28,"distrito_f":5,"distrito_l":15,"municipio":41,"seccion":1687,"tipo":2,"control":1422},"geometry":{"type":"Polygon","coordinates":[[[-99.159655,23.720082],[-99.159644,23.71954],[-99.159642,23.719394],[-99.159641,23.71923],[-99.15964,23.719124],[-99.159639,23.719071],[-99.159656,23.718608],[-99.159657,23.718583],[-99.159689,23.718035],[-99.159722,23.717482],[-99.159726,23.717407],[-99.159755,23.716922],[-99.159787,23.716375],[-99.159793,23.716282],[-99.159815,23.715807],[-99.159842,23.715222],[-99.159851,23.715027],[-99.159873,23.714673],[-99.159907,23.714118],[-99.159931,23.713731],[-99.159941,23.713573],[-99.159959,23.713287],[-99.159975,23.713015],[-99.160008,23.712494],[-99.160037,23.7119],[-99.160041,23.711825],[-99.160066,23.711331],[-99.1601,23.710855],[-99.160133,23.710377],[-99.16014,23.710287],[-99.160159,23.709892],[-99.161792,23.709987],[-99.161752,23.710438],[-99.161724,23.710924],[-99.161697,23.711397],[-99.161664,23.711961],[-99.161662,23.711993],[-99.161633,23.712511],[-99.161601,23.713093],[-99.161586,23.713359],[-99.161572,23.713625],[-99.161535,23.714207],[-99.161492,23.714749],[-99.161448,23.715309],[-99.161425,23.715877],[-99.161391,23.716434],[-99.161364,23.716985],[-99.161336,23.717565],[-99.161331,23.717648],[-99.161294,23.718058],[-99.16132,23.718155],[-99.161575,23.718232],[-99.162049,23.718465],[-99.161985,23.718532],[-99.161847,23.718642],[-99.161751,23.718719],[-99.161492,23.718926],[-99.161372,23.719022],[-99.161207,23.719154],[-99.161105,23.71922],[-99.160309,23.719736],[-99.160167,23.719805],[-99.15971,23.720027],[-99.159683,23.720054],[-99.159655,23.720082]]]}},{"type":"Feature","id":1688,"properties":{"id":1031,"entidad":28,"distrito_f":5,"distrito_l":15,"municipio":41,"seccion":1688,"tipo":2,"control":1421},"geometry":{"type":"Polygon","coordinates":[[[-99.162049,23.718465],[-99.161575,23.718232],[-99.16132,23.718155],[-99.161294,23.718058],[-99.161331,23.717648],[-99.161336,23.717565],[-99.161364,23.716985],[-99.161391,23.716434],[-99.161425,23.715877],[-99.161448,23.715309],[-99.161492,23.714749],[-99.161535,23.714207],[-99.161572,23.713625],[-99.161586,23.713359],[-99.161601,23.713093],[-99.161633,23.712511],[-99.161662,23.711993],[-99.161664,23.711961],[-99.161697,23.711397],[-99.161724,23.710924],[-99.161752,23.710438],[-99.163042,23.710513],[-99.163014,23.711003],[-99.162986,23.711493],[-99.162956,23.712016],[-99.162924,23.712576],[-99.162893,23.713127],[-99.162877,23.713407],[-99.162861,23.713687],[-99.162829,23.714285],[-99.162794,23.714828],[-99.162741,23.715935],[-99.162718,23.716512],[-99.16297,23.716524],[-99.163063,23.716437],[-99.163173,23.716447],[-99.163265,23.716449],[-99.16359,23.716409],[-99.163898,23.716626],[-99.16324,23.717124],[-99.16319,23.717206],[-99.163003,23.717508],[-99.162882,23.717703],[-99.162343,23.718159],[-99.162049,23.718465]]]}},{"type":"Feature","id":1683,"properties":{"id":1029,"entidad":28,"distrito_f":5,"distrito_l":15,"municipio":41,"seccion":1683,"tipo":3,"control":1452},"geometry":{"type":"Polygon","coordinates":[[[-99.140104,23.718927],[-99.14006,23.719855],[-99.140009,23.720729],[-99.13908,23.720687],[-99.139048,23.720686],[-99.138041,23.72064],[-99.137067,23.720595],[-99.136138,23.720553],[-99.136091,23.720552],[-99.135118,23.720529],[-99.134112,23.720477],[-99.13407,23.720475],[-99.133158,23.720399],[-99.133051,23.72039],[-99.132183,23.720381],[-99.132232,23.719483],[-99.132186,23.719329],[-99.132186,23.719288],[-99.132187,23.719248],[-99.132199,23.71921],[-99.132211,23.719171],[-99.132264,23.719],[-99.132264,23.718881],[-99.132276,23.718688],[-99.132279,23.718638],[-99.1323,23.71828],[-99.132303,23.718234],[-99.13232,23.717962],[-99.132327,23.717797],[-99.132333,23.717765],[-99.132368,23.716845],[-99.132371,23.716804],[-99.132641,23.716843],[-99.132498,23.716527],[-99.132524,23.716285],[-99.1321,23.715917],[-99.131636,23.715491],[-99.131494,23.715356],[-99.129898,23.713991],[-99.12952,23.713687],[-99.129282,23.713498],[-99.12878,23.713096],[-99.128708,23.71304],[-99.12815,23.712554],[-99.127557,23.712051],[-99.127449,23.711973],[-99.126451,23.711123],[-99.126182,23.710899],[-99.125409,23.710257],[-99.125112,23.71001],[-99.122958,23.708219],[-99.122214,23.707592],[-99.122427,23.707519],[-99.123175,23.707164],[-99.123438,23.707],[-99.124303,23.705035],[-99.126635,23.705358],[-99.126685,23.70538],[-99.126792,23.705415],[-99.126845,23.705428],[-99.126957,23.705452],[-99.127,23.705456],[-99.127042,23.705457],[-99.127474,23.704512],[-99.127858,23.7037],[-99.127897,23.703608],[-99.128271,23.702766],[-99.128423,23.702466],[-99.131232,23.703599],[-99.131325,23.703733],[-99.13144,23.7039],[-99.131798,23.704424],[-99.132062,23.704809],[-99.132653,23.705673],[-99.132834,23.705936],[-99.133207,23.706482],[-99.133378,23.706732],[-99.134025,23.707706],[-99.134175,23.70772],[-99.135007,23.70769],[-99.134988,23.707988],[-99.134961,23.708962],[-99.135058,23.708965],[-99.135459,23.708982],[-99.13557,23.708981],[-99.13598,23.708979],[-99.136112,23.708978],[-99.136669,23.709002],[-99.136674,23.709449],[-99.13667,23.709866],[-99.137041,23.709807],[-99.137092,23.70982],[-99.137414,23.709764],[-99.137764,23.709639],[-99.137919,23.709679],[-99.138033,23.709709],[-99.138246,23.709857],[-99.138198,23.710249],[-99.138287,23.710319],[-99.138335,23.71064],[-99.138506,23.711483],[-99.138528,23.711558],[-99.138611,23.711952],[-99.138625,23.712016],[-99.138703,23.712381],[-99.138707,23.712409],[-99.138706,23.712446],[-99.138793,23.71283],[-99.138847,23.71305],[-99.138869,23.713255],[-99.140616,23.713632],[-99.140715,23.713691],[-99.140788,23.714357],[-99.140379,23.71446],[-99.140335,23.714467],[-99.140338,23.714611],[-99.140308,23.715253],[-99.1403,23.715419],[-99.140269,23.716017],[-99.140238,23.71634],[-99.140172,23.717601],[-99.140169,23.717653],[-99.140167,23.7177],[-99.140165,23.717733],[-99.140162,23.717799],[-99.140161,23.717824],[-99.140159,23.717851],[-99.140104,23.718927]]]}},{"type":"Feature","id":1684,"properties":{"id":1030,"entidad":28,"distrito_f":5,"distrito_l":15,"municipio":41,"seccion":1684,"tipo":2,"control":1451},"geometry":{"type":"Polygon","coordinates":[[[-99.140104,23.718927],[-99.140159,23.717851],[-99.140161,23.717824],[-99.140162,23.717799],[-99.140165,23.717733],[-99.140167,23.7177],[-99.140169,23.717653],[-99.140172,23.717601],[-99.140238,23.71634],[-99.140269,23.716017],[-99.1403,23.715419],[-99.140308,23.715253],[-99.140338,23.714611],[-99.140335,23.714467],[-99.140379,23.71446],[-99.140788,23.714357],[-99.140715,23.713691],[-99.140616,23.713632],[-99.138869,23.713255],[-99.138847,23.71305],[-99.138793,23.71283],[-99.138706,23.712446],[-99.138707,23.712409],[-99.138703,23.712381],[-99.138625,23.712016],[-99.138611,23.711952],[-99.138528,23.711558],[-99.138506,23.711483],[-99.138335,23.71064],[-99.138287,23.710319],[-99.138198,23.710249],[-99.138246,23.709857],[-99.138033,23.709709],[-99.137919,23.709679],[-99.137764,23.709639],[-99.137414,23.709764],[-99.137092,23.70982],[-99.137041,23.709807],[-99.13667,23.709866],[-99.136674,23.709449],[-99.136669,23.709002],[-99.136112,23.708978],[-99.13598,23.708979],[-99.13557,23.708981],[-99.135459,23.708982],[-99.135058,23.708965],[-99.134961,23.708962],[-99.134988,23.707988],[-99.135007,23.70769],[-99.134175,23.70772],[-99.134025,23.707706],[-99.133378,23.706732],[-99.133207,23.706482],[-99.132834,23.705936],[-99.132653,23.705673],[-99.132062,23.704809],[-99.131798,23.704424],[-99.13144,23.7039],[-99.131325,23.703733],[-99.131232,23.703599],[-99.131444,23.703685],[-99.135928,23.705483],[-99.136806,23.705831],[-99.137944,23.706282],[-99.138311,23.706466],[-99.139168,23.706827],[-99.139374,23.706909],[-99.140419,23.707325],[-99.14129,23.707673],[-99.141421,23.707725],[-99.141657,23.707819],[-99.142212,23.708041],[-99.142631,23.708211],[-99.142851,23.708301],[-99.143144,23.708421],[-99.143367,23.708512],[-99.143292,23.708668],[-99.142872,23.70953],[-99.142659,23.709997],[-99.142605,23.710249],[-99.142639,23.71055],[-99.142674,23.710851],[-99.142768,23.71132],[-99.142819,23.711692],[-99.142835,23.711808],[-99.142853,23.711931],[-99.142906,23.712296],[-99.142923,23.712414],[-99.142952,23.712614],[-99.143117,23.71367],[-99.143164,23.71397],[-99.143206,23.714201],[-99.143233,23.714349],[-99.143261,23.714503],[-99.143317,23.714781],[-99.143452,23.715456],[-99.143467,23.715532],[-99.143478,23.715588],[-99.143556,23.715978],[-99.14368,23.716459],[-99.143757,23.716761],[-99.144169,23.717284],[-99.14426,23.717431],[-99.144327,23.717537],[-99.144482,23.717545],[-99.144638,23.717553],[-99.144838,23.717563],[-99.145064,23.717621],[-99.14536,23.717698],[-99.14575,23.717941],[-99.146047,23.718368],[-99.146488,23.719246],[-99.146392,23.719239],[-99.146363,23.719237],[-99.146335,23.719236],[-99.145951,23.71921],[-99.144999,23.719164],[-99.144021,23.719149],[-99.143051,23.71908],[-99.142061,23.71904],[-99.141082,23.718984],[-99.140675,23.71896],[-99.140104,23.718927]]]}},{"type":"Feature","id":1685,"properties":{"id":1923,"entidad":28,"distrito_f":5,"distrito_l":15,"municipio":41,"seccion":1685,"tipo":2,"control":1453},"geometry":{"type":"Polygon","coordinates":[[[-99.14687,23.695825],[-99.145778,23.696577],[-99.145574,23.696368],[-99.144664,23.697001],[-99.14385,23.697608],[-99.144023,23.697777],[-99.144348,23.698104],[-99.144655,23.698432],[-99.144981,23.698765],[-99.145327,23.699096],[-99.145793,23.699553],[-99.145999,23.699414],[-99.146308,23.699775],[-99.146597,23.70016],[-99.146873,23.700539],[-99.146911,23.700538],[-99.147022,23.700666],[-99.14715,23.700823],[-99.147183,23.700885],[-99.147101,23.700942],[-99.146433,23.701411],[-99.145835,23.701848],[-99.145644,23.70197],[-99.145448,23.701748],[-99.145415,23.70177],[-99.145138,23.701973],[-99.145157,23.702248],[-99.145165,23.702306],[-99.14517,23.70235],[-99.145214,23.702777],[-99.145224,23.702817],[-99.14523,23.702874],[-99.145262,23.703393],[-99.14527,23.703523],[-99.145303,23.703993],[-99.145351,23.704424],[-99.145272,23.704477],[-99.145243,23.704496],[-99.144655,23.704898],[-99.144488,23.705012],[-99.144288,23.705146],[-99.144394,23.705875],[-99.144509,23.706095],[-99.144325,23.706574],[-99.143906,23.707451],[-99.143753,23.707817],[-99.143476,23.708463],[-99.143443,23.70854],[-99.143367,23.708512],[-99.143144,23.708421],[-99.142851,23.708301],[-99.142631,23.708211],[-99.142212,23.708041],[-99.141657,23.707819],[-99.141421,23.707725],[-99.14129,23.707673],[-99.140419,23.707325],[-99.139374,23.706909],[-99.139168,23.706827],[-99.138311,23.706466],[-99.137944,23.706282],[-99.136806,23.705831],[-99.137004,23.705735],[-99.13884,23.704435],[-99.138858,23.704405],[-99.139762,23.703801],[-99.137871,23.701711],[-99.137391,23.70124],[-99.137258,23.701102],[-99.134805,23.698541],[-99.134831,23.69847],[-99.136037,23.697644],[-99.135427,23.696958],[-99.135505,23.69688],[-99.13655,23.696114],[-99.137293,23.69557],[-99.137647,23.695286],[-99.138167,23.694962],[-99.138438,23.694784],[-99.139109,23.69426],[-99.138076,23.693192],[-99.135691,23.690727],[-99.132848,23.687789],[-99.134493,23.686612],[-99.134903,23.686348],[-99.134974,23.686288],[-99.135718,23.685783],[-99.135758,23.685748],[-99.136047,23.68553],[-99.136087,23.685509],[-99.136416,23.685273],[-99.136472,23.685259],[-99.13668,23.685127],[-99.139678,23.688311],[-99.139768,23.688354],[-99.139951,23.688534],[-99.141075,23.68967],[-99.143637,23.692409],[-99.14562,23.694489],[-99.14576,23.69464],[-99.145995,23.694893],[-99.146332,23.695243],[-99.146698,23.695652],[-99.14687,23.695825]]]}},{"type":"Feature","id":1686,"properties":{"id":206,"entidad":28,"distrito_f":5,"distrito_l":15,"municipio":41,"seccion":1686,"tipo":2,"control":1424},"geometry":{"type":"Polygon","coordinates":[[[-99.159842,23.715222],[-99.157934,23.715152],[-99.157807,23.715158],[-99.157537,23.714763],[-99.157199,23.714378],[-99.156707,23.713952],[-99.15634,23.713732],[-99.156271,23.71369],[-99.155124,23.713166],[-99.155093,23.713152],[-99.153645,23.712609],[-99.152126,23.712],[-99.152159,23.711869],[-99.152165,23.710313],[-99.152159,23.710204],[-99.152183,23.70898],[-99.152194,23.708898],[-99.152195,23.707837],[-99.152204,23.707747],[-99.1522,23.706735],[-99.152212,23.706678],[-99.15223,23.705834],[-99.152398,23.705759],[-99.152395,23.705644],[-99.152383,23.705502],[-99.152297,23.704738],[-99.152289,23.704714],[-99.152627,23.704593],[-99.153807,23.704214],[-99.154205,23.704937],[-99.15522,23.704707],[-99.15592,23.704548],[-99.156159,23.704965],[-99.156494,23.705439],[-99.156638,23.705641],[-99.156837,23.705944],[-99.157134,23.706396],[-99.157411,23.706799],[-99.157466,23.70688],[-99.157719,23.707247],[-99.15775,23.707291],[-99.158019,23.707684],[-99.158209,23.70796],[-99.158251,23.708022],[-99.158514,23.708418],[-99.15873,23.708743],[-99.157742,23.708952],[-99.157555,23.708991],[-99.157368,23.70903],[-99.157309,23.709302],[-99.157205,23.709772],[-99.157103,23.710237],[-99.157076,23.710336],[-99.156966,23.710732],[-99.15695,23.71079],[-99.156925,23.71088],[-99.157236,23.711177],[-99.157677,23.711613],[-99.157876,23.711741],[-99.157937,23.71178],[-99.158353,23.711925],[-99.159584,23.712363],[-99.159774,23.712431],[-99.160008,23.712494],[-99.159975,23.713015],[-99.159959,23.713287],[-99.159941,23.713573],[-99.159931,23.713731],[-99.159907,23.714118],[-99.159873,23.714673],[-99.159851,23.715027],[-99.159842,23.715222]]]}},{"type":"Feature","id":1689,"properties":{"id":1932,"entidad":28,"distrito_f":5,"distrito_l":15,"municipio":41,"seccion":1689,"tipo":2,"control":1420},"geometry":{"type":"Polygon","coordinates":[[[-99.164276,23.705782],[-99.164209,23.706358],[-99.164192,23.706502],[-99.164155,23.706798],[-99.164327,23.706816],[-99.164278,23.707273],[-99.164074,23.70723],[-99.164074,23.707381],[-99.164013,23.707708],[-99.163987,23.707844],[-99.163972,23.708133],[-99.164202,23.708186],[-99.164187,23.708349],[-99.164154,23.708653],[-99.164107,23.709079],[-99.164096,23.709443],[-99.164047,23.709842],[-99.164058,23.709903],[-99.164078,23.710018],[-99.164082,23.710135],[-99.16409,23.710347],[-99.164115,23.710604],[-99.164122,23.710672],[-99.16414,23.710862],[-99.16415,23.711041],[-99.16419,23.711455],[-99.164191,23.711525],[-99.164195,23.711737],[-99.164228,23.712103],[-99.16425,23.712347],[-99.164268,23.712652],[-99.164281,23.712932],[-99.164285,23.713105],[-99.164437,23.713171],[-99.164809,23.713208],[-99.16471,23.713836],[-99.164606,23.714235],[-99.16458,23.714523],[-99.164552,23.714922],[-99.164648,23.715377],[-99.164771,23.715787],[-99.164826,23.715909],[-99.164556,23.716046],[-99.163898,23.716626],[-99.16359,23.716409],[-99.163265,23.716449],[-99.163173,23.716447],[-99.163063,23.716437],[-99.16297,23.716524],[-99.162718,23.716512],[-99.162741,23.715935],[-99.162794,23.714828],[-99.162829,23.714285],[-99.162861,23.713687],[-99.162877,23.713407],[-99.162893,23.713127],[-99.162924,23.712576],[-99.162956,23.712016],[-99.162986,23.711493],[-99.163014,23.711003],[-99.163042,23.710513],[-99.163049,23.710386],[-99.163101,23.710074],[-99.163126,23.709925],[-99.163189,23.709841],[-99.16319,23.709588],[-99.163243,23.709141],[-99.163235,23.709114],[-99.163159,23.708857],[-99.163082,23.708599],[-99.162959,23.708046],[-99.162826,23.707573],[-99.162602,23.706774],[-99.162585,23.706716],[-99.162414,23.706161],[-99.162272,23.705825],[-99.162233,23.705733],[-99.161974,23.705311],[-99.16173,23.70494],[-99.161653,23.70483],[-99.162049,23.70463],[-99.162121,23.704593],[-99.161868,23.704261],[-99.16182,23.704184],[-99.161806,23.704163],[-99.161506,23.703682],[-99.16067,23.704177],[-99.160409,23.703757],[-99.160163,23.703337],[-99.160017,23.702504],[-99.159831,23.701279],[-99.159648,23.70013],[-99.160179,23.699983],[-99.160576,23.699899],[-99.160884,23.701674],[-99.161654,23.701415],[-99.161734,23.701467],[-99.1618,23.701945],[-99.161913,23.702095],[-99.162053,23.702219],[-99.162177,23.702416],[-99.162226,23.702594],[-99.162234,23.702725],[-99.162119,23.702769],[-99.162149,23.702818],[-99.162436,23.703267],[-99.162495,23.703362],[-99.162975,23.70414],[-99.1635,23.704992],[-99.163565,23.705102],[-99.16403,23.705899],[-99.164276,23.705782]]]}},{"type":"Feature","id":1690,"properties":{"id":1166,"entidad":28,"distrito_f":5,"distrito_l":15,"municipio":41,"seccion":1690,"tipo":2,"control":1419},"geometry":{"type":"Polygon","coordinates":[[[-99.166396,23.706782],[-99.166101,23.706813],[-99.166384,23.707513],[-99.166728,23.707546],[-99.166662,23.708023],[-99.166603,23.708455],[-99.16651,23.709305],[-99.16642,23.710122],[-99.166418,23.710142],[-99.166393,23.710363],[-99.166259,23.710934],[-99.166236,23.71103],[-99.166105,23.711703],[-99.166092,23.711769],[-99.16595,23.712596],[-99.165801,23.713297],[-99.166686,23.713434],[-99.167283,23.713527],[-99.167365,23.713993],[-99.167433,23.714161],[-99.167488,23.714295],[-99.166711,23.714633],[-99.166504,23.714744],[-99.166185,23.714915],[-99.165933,23.71505],[-99.165215,23.715713],[-99.164826,23.715909],[-99.164771,23.715787],[-99.164648,23.715377],[-99.164552,23.714922],[-99.16458,23.714523],[-99.164606,23.714235],[-99.16471,23.713836],[-99.164809,23.713208],[-99.164437,23.713171],[-99.164285,23.713105],[-99.164281,23.712932],[-99.164268,23.712652],[-99.16425,23.712347],[-99.164228,23.712103],[-99.164195,23.711737],[-99.164191,23.711525],[-99.16419,23.711455],[-99.16415,23.711041],[-99.16414,23.710862],[-99.164122,23.710672],[-99.164115,23.710604],[-99.16409,23.710347],[-99.164082,23.710135],[-99.164078,23.710018],[-99.164058,23.709903],[-99.164047,23.709842],[-99.164096,23.709443],[-99.164107,23.709079],[-99.164154,23.708653],[-99.164187,23.708349],[-99.164202,23.708186],[-99.163972,23.708133],[-99.163987,23.707844],[-99.164013,23.707708],[-99.164074,23.707381],[-99.164074,23.70723],[-99.164278,23.707273],[-99.164327,23.706816],[-99.164155,23.706798],[-99.164192,23.706502],[-99.164209,23.706358],[-99.164276,23.705782],[-99.16403,23.705899],[-99.163565,23.705102],[-99.1635,23.704992],[-99.162975,23.70414],[-99.162495,23.703362],[-99.162436,23.703267],[-99.162149,23.702818],[-99.162119,23.702769],[-99.162234,23.702725],[-99.162226,23.702594],[-99.162177,23.702416],[-99.162053,23.702219],[-99.161913,23.702095],[-99.1618,23.701945],[-99.161734,23.701467],[-99.161654,23.701415],[-99.160884,23.701674],[-99.160576,23.699899],[-99.160933,23.69985],[-99.161103,23.699802],[-99.161348,23.699737],[-99.162256,23.699482],[-99.162801,23.69951],[-99.162971,23.699535],[-99.163234,23.699411],[-99.163258,23.699211],[-99.163654,23.698911],[-99.163723,23.698914],[-99.163989,23.699134],[-99.163892,23.699453],[-99.164126,23.699696],[-99.164305,23.699859],[-99.164273,23.700053],[-99.164143,23.700402],[-99.163762,23.700807],[-99.16367,23.701569],[-99.163547,23.702271],[-99.163968,23.702074],[-99.164299,23.702672],[-99.164819,23.703569],[-99.165143,23.7042],[-99.16537,23.704693],[-99.165583,23.705141],[-99.166345,23.706656],[-99.166396,23.706782]]]}},{"type":"Feature","id":1691,"properties":{"id":310,"entidad":28,"distrito_f":5,"distrito_l":15,"municipio":41,"seccion":1691,"tipo":2,"control":1483},"geometry":{"type":"Polygon","coordinates":[[[-99.169089,23.707391],[-99.169259,23.70766],[-99.169555,23.708126],[-99.16982,23.708543],[-99.169836,23.708568],[-99.17013,23.70901],[-99.169956,23.709102],[-99.169746,23.709265],[-99.169367,23.709244],[-99.169265,23.709687],[-99.169175,23.710076],[-99.169111,23.710355],[-99.169085,23.710477],[-99.168998,23.710885],[-99.16891,23.711299],[-99.168826,23.711698],[-99.168739,23.712115],[-99.168676,23.712508],[-99.168609,23.712933],[-99.168574,23.713218],[-99.168688,23.713171],[-99.168907,23.713099],[-99.169007,23.713169],[-99.169243,23.71333],[-99.168856,23.713652],[-99.168733,23.713755],[-99.168658,23.713817],[-99.167669,23.714216],[-99.167488,23.714295],[-99.167433,23.714161],[-99.167365,23.713993],[-99.167283,23.713527],[-99.166686,23.713434],[-99.165801,23.713297],[-99.16595,23.712596],[-99.166092,23.711769],[-99.166105,23.711703],[-99.166236,23.71103],[-99.166259,23.710934],[-99.166393,23.710363],[-99.166418,23.710142],[-99.16642,23.710122],[-99.16651,23.709305],[-99.166603,23.708455],[-99.166662,23.708023],[-99.166728,23.707546],[-99.166384,23.707513],[-99.166101,23.706813],[-99.166396,23.706782],[-99.166345,23.706656],[-99.167361,23.706043],[-99.167986,23.705701],[-99.16845,23.706433],[-99.168709,23.706803],[-99.168817,23.706963],[-99.168959,23.707235],[-99.169089,23.707391]]]}},{"type":"Feature","id":1692,"properties":{"id":458,"entidad":28,"distrito_f":5,"distrito_l":15,"municipio":41,"seccion":1692,"tipo":2,"control":1482},"geometry":{"type":"Polygon","coordinates":[[[-99.170526,23.705009],[-99.172772,23.704526],[-99.173016,23.70491],[-99.173964,23.704391],[-99.174243,23.704881],[-99.174326,23.705013],[-99.174556,23.705338],[-99.174877,23.705769],[-99.175158,23.706213],[-99.17543,23.706614],[-99.175542,23.7068],[-99.175601,23.70692],[-99.175685,23.707092],[-99.175765,23.707259],[-99.175041,23.707706],[-99.174929,23.70782],[-99.174792,23.707957],[-99.174605,23.708145],[-99.174526,23.708225],[-99.174475,23.708758],[-99.174469,23.709164],[-99.174254,23.709438],[-99.174074,23.709633],[-99.173889,23.709878],[-99.173567,23.710268],[-99.173285,23.710445],[-99.173047,23.710602],[-99.17272,23.710768],[-99.172526,23.710923],[-99.172429,23.710962],[-99.17232,23.711005],[-99.172202,23.711093],[-99.172097,23.711204],[-99.171998,23.711308],[-99.171905,23.711342],[-99.171712,23.711414],[-99.171602,23.711501],[-99.17101,23.711973],[-99.170909,23.712053],[-99.170514,23.71237],[-99.170165,23.71263],[-99.169739,23.712947],[-99.169396,23.713203],[-99.169243,23.71333],[-99.169007,23.713169],[-99.168907,23.713099],[-99.168688,23.713171],[-99.168574,23.713218],[-99.168609,23.712933],[-99.168676,23.712508],[-99.168739,23.712115],[-99.168826,23.711698],[-99.16891,23.711299],[-99.168998,23.710885],[-99.169085,23.710477],[-99.169111,23.710355],[-99.169175,23.710076],[-99.169265,23.709687],[-99.169367,23.709244],[-99.169746,23.709265],[-99.169956,23.709102],[-99.17013,23.70901],[-99.169836,23.708568],[-99.16982,23.708543],[-99.169555,23.708126],[-99.169259,23.70766],[-99.169089,23.707391],[-99.168959,23.707235],[-99.168817,23.706963],[-99.168709,23.706803],[-99.16845,23.706433],[-99.167986,23.705701],[-99.168709,23.705359],[-99.168564,23.705032],[-99.168603,23.703808],[-99.168731,23.703607],[-99.168557,23.70316],[-99.169252,23.702872],[-99.169421,23.703296],[-99.169676,23.70325],[-99.170242,23.704628],[-99.170476,23.704575],[-99.170547,23.704825],[-99.170526,23.705009]]]}},{"type":"Feature","id":1693,"properties":{"id":501,"entidad":28,"distrito_f":5,"distrito_l":15,"municipio":41,"seccion":1693,"tipo":2,"control":1417},"geometry":{"type":"Polygon","coordinates":[[[-99.178551,23.714877],[-99.178426,23.714779],[-99.177949,23.714367],[-99.17757,23.71408],[-99.177189,23.713788],[-99.176772,23.713467],[-99.176385,23.713148],[-99.175996,23.71285],[-99.175479,23.71245],[-99.175293,23.712292],[-99.175102,23.71213],[-99.174995,23.711912],[-99.175156,23.711877],[-99.175553,23.711524],[-99.175697,23.711397],[-99.176357,23.710767],[-99.176773,23.710435],[-99.177361,23.709939],[-99.177771,23.709608],[-99.178088,23.709332],[-99.178314,23.709091],[-99.178497,23.708807],[-99.178591,23.708577],[-99.178666,23.708324],[-99.178689,23.708079],[-99.17918,23.708318],[-99.179617,23.708498],[-99.180315,23.708845],[-99.180861,23.709065],[-99.181402,23.709286],[-99.181216,23.709657],[-99.180728,23.710633],[-99.180245,23.711593],[-99.180065,23.711971],[-99.179779,23.71253],[-99.179653,23.712771],[-99.179336,23.713427],[-99.179177,23.713756],[-99.178697,23.714685],[-99.178631,23.714808],[-99.178551,23.714877]]]}},{"type":"Feature","id":2258,"properties":{"id":2076,"entidad":28,"distrito_f":5,"distrito_l":14,"municipio":41,"seccion":2258,"tipo":2,"control":2574},"geometry":{"type":"Polygon","coordinates":[[[-99.174319,23.773298],[-99.175288,23.773419],[-99.176417,23.773541],[-99.177443,23.773671],[-99.177382,23.774113],[-99.177536,23.774144],[-99.177566,23.774595],[-99.177571,23.774968],[-99.177563,23.775436],[-99.17756,23.775857],[-99.177543,23.776258],[-99.177537,23.777102],[-99.177588,23.777413],[-99.177294,23.777754],[-99.177135,23.777935],[-99.176849,23.778236],[-99.176135,23.778901],[-99.176154,23.778185],[-99.176063,23.778122],[-99.175635,23.777844],[-99.175199,23.77756],[-99.174781,23.777293],[-99.174128,23.776846],[-99.173172,23.776212],[-99.173172,23.776325],[-99.172268,23.776349],[-99.171286,23.77636],[-99.171616,23.776618],[-99.171077,23.776616],[-99.170951,23.776615],[-99.170633,23.776614],[-99.169383,23.776597],[-99.169228,23.776698],[-99.169142,23.776805],[-99.169096,23.77679],[-99.169089,23.776715],[-99.169058,23.776468],[-99.169037,23.776278],[-99.169005,23.775832],[-99.168975,23.775356],[-99.168945,23.7749],[-99.168915,23.774422],[-99.168886,23.773973],[-99.168869,23.773822],[-99.169352,23.773739],[-99.169652,23.773674],[-99.169908,23.773606],[-99.170216,23.773506],[-99.170464,23.773422],[-99.170852,23.773236],[-99.171146,23.773101],[-99.173813,23.773481],[-99.173924,23.773481],[-99.174034,23.773514],[-99.174127,23.773275],[-99.174319,23.773298]]]}},{"type":"Feature","id":1694,"properties":{"id":1167,"entidad":28,"distrito_f":5,"distrito_l":15,"municipio":41,"seccion":1694,"tipo":2,"control":1412},"geometry":{"type":"Polygon","coordinates":[[[-99.195298,23.715973],[-99.19192,23.715167],[-99.191553,23.715036],[-99.191152,23.714915],[-99.190667,23.714726],[-99.190592,23.714706],[-99.190532,23.714679],[-99.190036,23.71448],[-99.189301,23.714194],[-99.188768,23.713971],[-99.188282,23.713767],[-99.18782,23.713576],[-99.187328,23.713371],[-99.187284,23.713353],[-99.186875,23.713184],[-99.186232,23.712915],[-99.185179,23.712437],[-99.183821,23.711918],[-99.183342,23.711708],[-99.18281,23.711485],[-99.183047,23.711013],[-99.183284,23.71054],[-99.182782,23.710329],[-99.182306,23.710128],[-99.181765,23.709901],[-99.182219,23.708994],[-99.18244,23.708553],[-99.18263,23.708174],[-99.183136,23.708385],[-99.183643,23.708597],[-99.184122,23.708797],[-99.184799,23.707451],[-99.185307,23.707706],[-99.185469,23.707786],[-99.185426,23.70829],[-99.18542,23.708506],[-99.185559,23.708494],[-99.185738,23.708501],[-99.185845,23.708506],[-99.185951,23.70852],[-99.186051,23.708527],[-99.186151,23.708522],[-99.186237,23.708514],[-99.186399,23.708489],[-99.186556,23.70845],[-99.186643,23.708428],[-99.186978,23.708504],[-99.187056,23.708521],[-99.187556,23.708635],[-99.187629,23.708651],[-99.187799,23.70869],[-99.187921,23.708717],[-99.188656,23.708893],[-99.189195,23.709022],[-99.189317,23.709051],[-99.189691,23.70915],[-99.190352,23.709324],[-99.190949,23.709482],[-99.191549,23.70964],[-99.192217,23.709816],[-99.193539,23.710164],[-99.195176,23.710627],[-99.195859,23.71082],[-99.195637,23.712858],[-99.195298,23.715973]]]}},{"type":"Feature","id":1695,"properties":{"id":1168,"entidad":28,"distrito_f":5,"distrito_l":15,"municipio":41,"seccion":1695,"tipo":2,"control":2166},"geometry":{"type":"Polygon","coordinates":[[[-99.196135,23.708296],[-99.195859,23.71082],[-99.195176,23.710627],[-99.193539,23.710164],[-99.192217,23.709816],[-99.191549,23.70964],[-99.190949,23.709482],[-99.190352,23.709324],[-99.189691,23.70915],[-99.189317,23.709051],[-99.189195,23.709022],[-99.188656,23.708893],[-99.187921,23.708717],[-99.187799,23.70869],[-99.187629,23.708651],[-99.187556,23.708635],[-99.187056,23.708521],[-99.186978,23.708504],[-99.186643,23.708428],[-99.186556,23.70845],[-99.186399,23.708489],[-99.186237,23.708514],[-99.186151,23.708522],[-99.186051,23.708527],[-99.185951,23.70852],[-99.185845,23.708506],[-99.185738,23.708501],[-99.185559,23.708494],[-99.18542,23.708506],[-99.185426,23.70829],[-99.185469,23.707786],[-99.185307,23.707706],[-99.184799,23.707451],[-99.184122,23.708797],[-99.183643,23.708597],[-99.183136,23.708385],[-99.18263,23.708174],[-99.183274,23.706836],[-99.183703,23.705971],[-99.183927,23.70552],[-99.184278,23.704894],[-99.18445,23.704471],[-99.184673,23.703922],[-99.184898,23.703536],[-99.185348,23.702677],[-99.185384,23.702606],[-99.185635,23.702131],[-99.186247,23.700976],[-99.187315,23.700298],[-99.187564,23.700046],[-99.187982,23.699107],[-99.188996,23.699169],[-99.189805,23.699539],[-99.190402,23.700034],[-99.190832,23.700066],[-99.191926,23.699613],[-99.192132,23.700407],[-99.192486,23.701065],[-99.192637,23.701762],[-99.192651,23.702207],[-99.192807,23.702615],[-99.193278,23.703055],[-99.19333,23.703477],[-99.193535,23.704054],[-99.193458,23.70442],[-99.193491,23.70495],[-99.193489,23.70546],[-99.193544,23.705636],[-99.193869,23.705867],[-99.194395,23.706107],[-99.194919,23.70649],[-99.195112,23.706996],[-99.19577,23.707663],[-99.196135,23.708296]]]}},{"type":"Feature","id":1696,"properties":{"id":1169,"entidad":28,"distrito_f":5,"distrito_l":15,"municipio":41,"seccion":1696,"tipo":2,"control":2167},"geometry":{"type":"Polygon","coordinates":[[[-99.181765,23.709901],[-99.181216,23.709657],[-99.181402,23.709286],[-99.180861,23.709065],[-99.180315,23.708845],[-99.179617,23.708498],[-99.17918,23.708318],[-99.178689,23.708079],[-99.178657,23.70771],[-99.1786,23.707499],[-99.178527,23.707286],[-99.178296,23.706815],[-99.178166,23.706572],[-99.177999,23.706276],[-99.177855,23.705967],[-99.17871,23.705253],[-99.179574,23.704675],[-99.180225,23.70457],[-99.180541,23.704432],[-99.180637,23.70439],[-99.181151,23.704168],[-99.18172,23.703663],[-99.18197,23.703425],[-99.182544,23.703087],[-99.182716,23.702909],[-99.182987,23.702567],[-99.183231,23.702246],[-99.183715,23.701743],[-99.183967,23.701517],[-99.184219,23.70129],[-99.184654,23.700969],[-99.18475,23.700898],[-99.185085,23.70072],[-99.185401,23.700463],[-99.185587,23.70034],[-99.185693,23.700181],[-99.185699,23.699869],[-99.185921,23.700318],[-99.185966,23.700408],[-99.186247,23.700976],[-99.185635,23.702131],[-99.185384,23.702606],[-99.185348,23.702677],[-99.184898,23.703536],[-99.184673,23.703922],[-99.18445,23.704471],[-99.184278,23.704894],[-99.183927,23.70552],[-99.183703,23.705971],[-99.183274,23.706836],[-99.18263,23.708174],[-99.18244,23.708553],[-99.182219,23.708994],[-99.181765,23.709901]]]}},{"type":"Feature","id":1697,"properties":{"id":1170,"entidad":28,"distrito_f":5,"distrito_l":15,"municipio":41,"seccion":1697,"tipo":2,"control":1425},"geometry":{"type":"Polygon","coordinates":[[[-99.160008,23.712494],[-99.159774,23.712431],[-99.159584,23.712363],[-99.158353,23.711925],[-99.157937,23.71178],[-99.157876,23.711741],[-99.157677,23.711613],[-99.157236,23.711177],[-99.156925,23.71088],[-99.15695,23.71079],[-99.156966,23.710732],[-99.157076,23.710336],[-99.157103,23.710237],[-99.157205,23.709772],[-99.157309,23.709302],[-99.157368,23.70903],[-99.157555,23.708991],[-99.157742,23.708952],[-99.15873,23.708743],[-99.159319,23.708556],[-99.159718,23.708335],[-99.159811,23.708651],[-99.159926,23.709044],[-99.160049,23.709462],[-99.16019,23.709533],[-99.160159,23.709892],[-99.16014,23.710287],[-99.160133,23.710377],[-99.1601,23.710855],[-99.160066,23.711331],[-99.160041,23.711825],[-99.160037,23.7119],[-99.160008,23.712494]]]}},{"type":"Feature","id":1698,"properties":{"id":1171,"entidad":28,"distrito_f":5,"distrito_l":15,"municipio":41,"seccion":1698,"tipo":2,"control":1426},"geometry":{"type":"Polygon","coordinates":[[[-99.15592,23.704548],[-99.156113,23.704487],[-99.156547,23.704355],[-99.156527,23.704239],[-99.156308,23.703002],[-99.156123,23.701922],[-99.156094,23.70175],[-99.155946,23.700965],[-99.156528,23.700905],[-99.157061,23.700792],[-99.157084,23.700787],[-99.157608,23.700677],[-99.158106,23.700525],[-99.158622,23.700368],[-99.159164,23.700243],[-99.159648,23.70013],[-99.159831,23.701279],[-99.160017,23.702504],[-99.160163,23.703337],[-99.160409,23.703757],[-99.16067,23.704177],[-99.161506,23.703682],[-99.161806,23.704163],[-99.16182,23.704184],[-99.161868,23.704261],[-99.162121,23.704593],[-99.162049,23.70463],[-99.161653,23.70483],[-99.16173,23.70494],[-99.161974,23.705311],[-99.162233,23.705733],[-99.162272,23.705825],[-99.162414,23.706161],[-99.162585,23.706716],[-99.162602,23.706774],[-99.162826,23.707573],[-99.162959,23.708046],[-99.163082,23.708599],[-99.163159,23.708857],[-99.163235,23.709114],[-99.163243,23.709141],[-99.16319,23.709588],[-99.163189,23.709841],[-99.163126,23.709925],[-99.163101,23.710074],[-99.163049,23.710386],[-99.163042,23.710513],[-99.161752,23.710438],[-99.161792,23.709987],[-99.160159,23.709892],[-99.16019,23.709533],[-99.160049,23.709462],[-99.159926,23.709044],[-99.159811,23.708651],[-99.159718,23.708335],[-99.159319,23.708556],[-99.15873,23.708743],[-99.158514,23.708418],[-99.158251,23.708022],[-99.158209,23.70796],[-99.158019,23.707684],[-99.15775,23.707291],[-99.157719,23.707247],[-99.157466,23.70688],[-99.157411,23.706799],[-99.157134,23.706396],[-99.156837,23.705944],[-99.156638,23.705641],[-99.156494,23.705439],[-99.156159,23.704965],[-99.15592,23.704548]]]}},{"type":"Feature","id":1699,"properties":{"id":1172,"entidad":28,"distrito_f":5,"distrito_l":15,"municipio":41,"seccion":1699,"tipo":2,"control":1415},"geometry":{"type":"Polygon","coordinates":[[[-99.172772,23.704526],[-99.174937,23.703289],[-99.174623,23.702903],[-99.175906,23.702145],[-99.175554,23.701708],[-99.177348,23.700673],[-99.176086,23.698588],[-99.177656,23.697754],[-99.178166,23.698637],[-99.178377,23.699039],[-99.1786,23.699409],[-99.178873,23.699868],[-99.17887,23.699912],[-99.179133,23.700333],[-99.17944,23.700794],[-99.179737,23.701236],[-99.180033,23.701675],[-99.178579,23.702478],[-99.178888,23.70294],[-99.179181,23.703399],[-99.179473,23.703838],[-99.179544,23.703948],[-99.17885,23.704321],[-99.17795,23.704832],[-99.177782,23.704934],[-99.177676,23.705028],[-99.177633,23.705141],[-99.177599,23.705316],[-99.177607,23.70543],[-99.177643,23.705529],[-99.177742,23.705752],[-99.177855,23.705967],[-99.175765,23.707259],[-99.175685,23.707092],[-99.175601,23.70692],[-99.175542,23.7068],[-99.17543,23.706614],[-99.175158,23.706213],[-99.174877,23.705769],[-99.174556,23.705338],[-99.174326,23.705013],[-99.174243,23.704881],[-99.173964,23.704391],[-99.173016,23.70491],[-99.172772,23.704526]]]}},{"type":"Feature","id":1703,"properties":{"id":1175,"entidad":28,"distrito_f":5,"distrito_l":14,"municipio":41,"seccion":1703,"tipo":4,"control":1124},"geometry":{"type":"Polygon","coordinates":[[[-99.223985,23.88191],[-99.212797,23.8878],[-99.210585,23.884121],[-99.197228,23.885995],[-99.197332,23.88621],[-99.199101,23.889858],[-99.19035,23.894768],[-99.191925,23.899293],[-99.183285,23.903686],[-99.174476,23.908164],[-99.156219,23.908344],[-99.150935,23.908395],[-99.148398,23.903346],[-99.144233,23.90251],[-99.14155,23.901971],[-99.139707,23.898257],[-99.138973,23.898656],[-99.138366,23.898809],[-99.137761,23.89888],[-99.13679,23.899108],[-99.135747,23.899831],[-99.133825,23.897309],[-99.122595,23.882569],[-99.139305,23.871461],[-99.169721,23.859793],[-99.170332,23.859559],[-99.170845,23.859302],[-99.171101,23.859242],[-99.171936,23.858764],[-99.172928,23.858194],[-99.173056,23.858512],[-99.173153,23.858771],[-99.173258,23.859007],[-99.173237,23.85924],[-99.174425,23.85906],[-99.174536,23.859557],[-99.174693,23.860255],[-99.173521,23.860538],[-99.173589,23.860957],[-99.173715,23.861733],[-99.173845,23.861728],[-99.174157,23.861691],[-99.174937,23.861583],[-99.174794,23.860787],[-99.174914,23.860711],[-99.175135,23.86057],[-99.175281,23.860477],[-99.178686,23.860292],[-99.178705,23.860151],[-99.178634,23.859899],[-99.201314,23.86002],[-99.201935,23.860029],[-99.20247,23.860037],[-99.218228,23.863131],[-99.218225,23.864243],[-99.218185,23.864979],[-99.21766,23.865053],[-99.216328,23.865201],[-99.215955,23.865201],[-99.215692,23.865173],[-99.215541,23.865099],[-99.215369,23.865173],[-99.215087,23.865136],[-99.214712,23.864932],[-99.213387,23.865283],[-99.212831,23.86527],[-99.214216,23.866377],[-99.215317,23.867392],[-99.217998,23.87198],[-99.2177,23.871925],[-99.217678,23.872236],[-99.217997,23.872846],[-99.218435,23.872658],[-99.218493,23.872769],[-99.219722,23.874788],[-99.223985,23.88191]]]}},{"type":"Feature","id":1700,"properties":{"id":2167,"entidad":28,"distrito_f":5,"distrito_l":15,"municipio":41,"seccion":1700,"tipo":3,"control":1129},"geometry":{"type":"Polygon","coordinates":[[[-99.196135,23.708296],[-99.19577,23.707663],[-99.195112,23.706996],[-99.194919,23.70649],[-99.194395,23.706107],[-99.193869,23.705867],[-99.193544,23.705636],[-99.193489,23.70546],[-99.193491,23.70495],[-99.193458,23.70442],[-99.193535,23.704054],[-99.19333,23.703477],[-99.193278,23.703055],[-99.192807,23.702615],[-99.192651,23.702207],[-99.192637,23.701762],[-99.192486,23.701065],[-99.192132,23.700407],[-99.191926,23.699613],[-99.190832,23.700066],[-99.190402,23.700034],[-99.189805,23.699539],[-99.188996,23.699169],[-99.187982,23.699107],[-99.187564,23.700046],[-99.187315,23.700298],[-99.186247,23.700976],[-99.185966,23.700408],[-99.185921,23.700318],[-99.185699,23.699869],[-99.185693,23.700181],[-99.185587,23.70034],[-99.185401,23.700463],[-99.185085,23.70072],[-99.18475,23.700898],[-99.184654,23.700969],[-99.184219,23.70129],[-99.183967,23.701517],[-99.183715,23.701743],[-99.183231,23.702246],[-99.182987,23.702567],[-99.182716,23.702909],[-99.182544,23.703087],[-99.18197,23.703425],[-99.18172,23.703663],[-99.181151,23.704168],[-99.180637,23.70439],[-99.180541,23.704432],[-99.180225,23.70457],[-99.179574,23.704675],[-99.17871,23.705253],[-99.177855,23.705967],[-99.177742,23.705752],[-99.177643,23.705529],[-99.177607,23.70543],[-99.177599,23.705316],[-99.177633,23.705141],[-99.177676,23.705028],[-99.177782,23.704934],[-99.17795,23.704832],[-99.17885,23.704321],[-99.179544,23.703948],[-99.179473,23.703838],[-99.179181,23.703399],[-99.178888,23.70294],[-99.178579,23.702478],[-99.180033,23.701675],[-99.179737,23.701236],[-99.17944,23.700794],[-99.179133,23.700333],[-99.17887,23.699912],[-99.178873,23.699868],[-99.1786,23.699409],[-99.178377,23.699039],[-99.178166,23.698637],[-99.177656,23.697754],[-99.17715,23.697252],[-99.1695,23.683751],[-99.179307,23.648365],[-99.179389,23.648067],[-99.179577,23.64739],[-99.179748,23.646772],[-99.179895,23.646244],[-99.181955,23.638805],[-99.197213,23.655964],[-99.200773,23.659967],[-99.210406,23.670797],[-99.211843,23.670501],[-99.213763,23.670861],[-99.213925,23.670966],[-99.214904,23.671597],[-99.215927,23.672745],[-99.216529,23.673401],[-99.21755,23.674096],[-99.218512,23.67508],[-99.219472,23.675198],[-99.220489,23.674739],[-99.222107,23.6744],[-99.223309,23.6753],[-99.223791,23.67604],[-99.224633,23.676941],[-99.225351,23.676567],[-99.226788,23.67594],[-99.228347,23.676179],[-99.229848,23.676789],[-99.231408,23.677027],[-99.235423,23.676757],[-99.237877,23.675383],[-99.241353,23.675116],[-99.246266,23.674388],[-99.247647,23.675039],[-99.249327,23.675524],[-99.252868,23.67674],[-99.254669,23.677472],[-99.25803,23.678482],[-99.263127,23.678865],[-99.264265,23.678405],[-99.266004,23.678518],[-99.268523,23.678957],[-99.26873,23.679091],[-99.269785,23.679774],[-99.274017,23.678969],[-99.274614,23.678856],[-99.286559,23.676584],[-99.300651,23.67708],[-99.300952,23.677091],[-99.306525,23.677287],[-99.304008,23.708253],[-99.305355,23.713412],[-99.306602,23.718187],[-99.307316,23.720919],[-99.307369,23.722185],[-99.313325,23.743927],[-99.192227,23.74413],[-99.1932,23.735212],[-99.193556,23.731948],[-99.193684,23.730773],[-99.194488,23.723398],[-99.195298,23.715973],[-99.195637,23.712858],[-99.195859,23.71082],[-99.196135,23.708296]]]}},{"type":"Feature","id":1701,"properties":{"id":1943,"entidad":28,"distrito_f":5,"distrito_l":14,"municipio":41,"seccion":1701,"tipo":4,"control":1122},"geometry":{"type":"Polygon","coordinates":[[[-99.30624,23.918244],[-99.305684,23.918812],[-99.304707,23.919331],[-99.303614,23.919641],[-99.302343,23.919782],[-99.300948,23.920087],[-99.29931,23.920469],[-99.298092,23.920942],[-99.296628,23.921658],[-99.295367,23.92286],[-99.295128,23.923512],[-99.294525,23.924152],[-99.292721,23.925135],[-99.2915,23.925519],[-99.289899,23.925663],[-99.288607,23.926754],[-99.287867,23.927442],[-99.286273,23.928528],[-99.285048,23.929331],[-99.284359,23.930433],[-99.283607,23.931658],[-99.283108,23.932393],[-99.282789,23.93313],[-99.282707,23.93412],[-99.281848,23.934724],[-99.281226,23.935538],[-99.280414,23.936762],[-99.279843,23.937991],[-99.279273,23.939178],[-99.27883,23.940079],[-99.27814,23.941223],[-99.277098,23.941946],[-99.275981,23.943289],[-99.274702,23.943801],[-99.273408,23.944934],[-99.272602,23.94591],[-99.272265,23.947432],[-99.271343,23.948158],[-99.271011,23.949516],[-99.269707,23.951102],[-99.269373,23.952542],[-99.269367,23.952789],[-99.269345,23.953781],[-99.269679,23.955026],[-99.269956,23.956147],[-99.269209,23.957124],[-99.267863,23.957925],[-99.267009,23.958322],[-99.265489,23.958789],[-99.264571,23.959309],[-99.263295,23.959697],[-99.262086,23.959757],[-99.261057,23.959861],[-99.260087,23.96005],[-99.259182,23.959991],[-99.257813,23.959139],[-99.256621,23.958455],[-99.255912,23.95778],[-99.254534,23.9573],[-99.253212,23.957027],[-99.252549,23.956973],[-99.25157,23.957358],[-99.251148,23.957524],[-99.250216,23.958705],[-99.248869,23.959505],[-99.247888,23.960189],[-99.246968,23.960832],[-99.2461,23.961807],[-99.245794,23.962262],[-99.245413,23.962827],[-99.244507,23.965495],[-99.243468,23.966012],[-99.242182,23.966814],[-99.240835,23.967656],[-99.239367,23.968454],[-99.238248,23.969878],[-99.237603,23.971684],[-99.237209,23.973081],[-99.2361,23.974051],[-99.234996,23.974774],[-99.233533,23.975406],[-99.23232,23.975631],[-99.228246,23.976875],[-99.226476,23.973642],[-99.22407,23.975047],[-99.22269,23.972604],[-99.220047,23.968146],[-99.217352,23.963807],[-99.216115,23.961781],[-99.206028,23.945021],[-99.205598,23.944294],[-99.205169,23.943567],[-99.207863,23.94216],[-99.209175,23.941482],[-99.209637,23.941234],[-99.213942,23.939012],[-99.216242,23.937855],[-99.218287,23.936843],[-99.222198,23.934807],[-99.221824,23.934189],[-99.220044,23.931514],[-99.217909,23.928133],[-99.216232,23.925522],[-99.214847,23.923271],[-99.215059,23.923228],[-99.216849,23.922501],[-99.220478,23.921074],[-99.22298,23.920017],[-99.22476,23.919293],[-99.220178,23.911637],[-99.215743,23.904405],[-99.216954,23.903975],[-99.218506,23.903445],[-99.221473,23.902231],[-99.226344,23.910328],[-99.226647,23.910857],[-99.226831,23.910761],[-99.228491,23.909989],[-99.228969,23.909789],[-99.231176,23.908707],[-99.232797,23.907934],[-99.232508,23.907466],[-99.23317,23.907184],[-99.233299,23.907012],[-99.233632,23.906848],[-99.234989,23.906171],[-99.237838,23.904716],[-99.235852,23.901546],[-99.235499,23.900927],[-99.235265,23.900696],[-99.23302,23.896875],[-99.232972,23.896683],[-99.232957,23.896461],[-99.232888,23.896334],[-99.232764,23.896205],[-99.232593,23.896196],[-99.232045,23.895276],[-99.230019,23.891875],[-99.23006,23.891741],[-99.232445,23.890502],[-99.231577,23.888911],[-99.231334,23.888739],[-99.228853,23.889957],[-99.223985,23.88191],[-99.219722,23.874788],[-99.218493,23.872769],[-99.218435,23.872658],[-99.217997,23.872846],[-99.217678,23.872236],[-99.2177,23.871925],[-99.217998,23.87198],[-99.215317,23.867392],[-99.214216,23.866377],[-99.212831,23.86527],[-99.213387,23.865283],[-99.214712,23.864932],[-99.215087,23.865136],[-99.215369,23.865173],[-99.215541,23.865099],[-99.215692,23.865173],[-99.215955,23.865201],[-99.216328,23.865201],[-99.21766,23.865053],[-99.218185,23.864979],[-99.218225,23.864243],[-99.218228,23.863131],[-99.219297,23.841159],[-99.221033,23.839913],[-99.222172,23.839289],[-99.222949,23.83846],[-99.223367,23.837593],[-99.224445,23.837092],[-99.226066,23.837207],[-99.227504,23.836251],[-99.2284,23.835215],[-99.228938,23.834388],[-99.229595,23.83356],[-99.229954,23.833064],[-99.230912,23.832358],[-99.231691,23.832065],[-99.233311,23.831767],[-99.23493,23.831593],[-99.236489,23.830884],[-99.237387,23.830467],[-99.238466,23.829884],[-99.239424,23.829178],[-99.240022,23.828638],[-99.240861,23.82818],[-99.241759,23.827681],[-99.242479,23.827512],[-99.243799,23.827587],[-99.249227,23.821769],[-99.267652,23.833958],[-99.306861,23.859882],[-99.321519,23.869568],[-99.321892,23.869814],[-99.357246,23.893164],[-99.317173,23.898825],[-99.306618,23.912137],[-99.305811,23.913113],[-99.305018,23.913511],[-99.305434,23.913808],[-99.306395,23.913992],[-99.307287,23.914587],[-99.307821,23.91501],[-99.30738,23.915828],[-99.307006,23.916399],[-99.306862,23.917429],[-99.30624,23.918244]]]}},{"type":"Feature","id":1702,"properties":{"id":1176,"entidad":28,"distrito_f":5,"distrito_l":14,"municipio":41,"seccion":1702,"tipo":4,"control":1123},"geometry":{"type":"Polygon","coordinates":[[[-99.226907,23.977345],[-99.220474,23.981352],[-99.219663,23.982493],[-99.217787,23.982664],[-99.215917,23.982586],[-99.213822,23.981802],[-99.212341,23.980534],[-99.21037,23.979587],[-99.20864,23.978686],[-99.206854,23.977577],[-99.205419,23.976971],[-99.204694,23.976957],[-99.202805,23.977705],[-99.20128,23.978378],[-99.199939,23.97893],[-99.198121,23.979184],[-99.197148,23.979496],[-99.196892,23.979477],[-99.195094,23.97173],[-99.191075,23.97318],[-99.179381,23.958142],[-99.176551,23.954502],[-99.174895,23.952372],[-99.169759,23.94523],[-99.16706,23.941476],[-99.170115,23.939884],[-99.170932,23.941098],[-99.174416,23.939266],[-99.168618,23.92903],[-99.166301,23.930058],[-99.162798,23.919826],[-99.158435,23.920566],[-99.154367,23.913876],[-99.152513,23.914097],[-99.151401,23.91423],[-99.144705,23.911536],[-99.150935,23.908395],[-99.156219,23.908344],[-99.174476,23.908164],[-99.183285,23.903686],[-99.191925,23.899293],[-99.19035,23.894768],[-99.199101,23.889858],[-99.197332,23.88621],[-99.197228,23.885995],[-99.210585,23.884121],[-99.212797,23.8878],[-99.223985,23.88191],[-99.228853,23.889957],[-99.231334,23.888739],[-99.231577,23.888911],[-99.232445,23.890502],[-99.23006,23.891741],[-99.230019,23.891875],[-99.232045,23.895276],[-99.232593,23.896196],[-99.232764,23.896205],[-99.232888,23.896334],[-99.232957,23.896461],[-99.232972,23.896683],[-99.23302,23.896875],[-99.235265,23.900696],[-99.235499,23.900927],[-99.235852,23.901546],[-99.237838,23.904716],[-99.234989,23.906171],[-99.233632,23.906848],[-99.233299,23.907012],[-99.23317,23.907184],[-99.232508,23.907466],[-99.232797,23.907934],[-99.231176,23.908707],[-99.228969,23.909789],[-99.228491,23.909989],[-99.226831,23.910761],[-99.226647,23.910857],[-99.226344,23.910328],[-99.221473,23.902231],[-99.218506,23.903445],[-99.216954,23.903975],[-99.215743,23.904405],[-99.220178,23.911637],[-99.22476,23.919293],[-99.22298,23.920017],[-99.220478,23.921074],[-99.216849,23.922501],[-99.215059,23.923228],[-99.214847,23.923271],[-99.216232,23.925522],[-99.217909,23.928133],[-99.220044,23.931514],[-99.221824,23.934189],[-99.222198,23.934807],[-99.218287,23.936843],[-99.216242,23.937855],[-99.213942,23.939012],[-99.209637,23.941234],[-99.209175,23.941482],[-99.207863,23.94216],[-99.205169,23.943567],[-99.205598,23.944294],[-99.206028,23.945021],[-99.216115,23.961781],[-99.217352,23.963807],[-99.220047,23.968146],[-99.22269,23.972604],[-99.22407,23.975047],[-99.226476,23.973642],[-99.228246,23.976875],[-99.226907,23.977345]]]}},{"type":"Feature","id":1704,"properties":{"id":1173,"entidad":28,"distrito_f":5,"distrito_l":14,"municipio":41,"seccion":1704,"tipo":4,"control":1125},"geometry":{"type":"Polygon","coordinates":[[[-99.174937,23.861583],[-99.174157,23.861691],[-99.173845,23.861728],[-99.173715,23.861733],[-99.173589,23.860957],[-99.173521,23.860538],[-99.174693,23.860255],[-99.174536,23.859557],[-99.174425,23.85906],[-99.173237,23.85924],[-99.173258,23.859007],[-99.173153,23.858771],[-99.173056,23.858512],[-99.172928,23.858194],[-99.171936,23.858764],[-99.171101,23.859242],[-99.170845,23.859302],[-99.170332,23.859559],[-99.169721,23.859793],[-99.139305,23.871461],[-99.13872,23.856149],[-99.137886,23.834295],[-99.138424,23.833633],[-99.138723,23.833055],[-99.138901,23.832477],[-99.139139,23.83161],[-99.139257,23.831032],[-99.139736,23.830329],[-99.141296,23.830404],[-99.142316,23.830193],[-99.143275,23.829652],[-99.143634,23.829197],[-99.144111,23.828247],[-99.144469,23.827462],[-99.144827,23.826595],[-99.145425,23.825767],[-99.147104,23.825182],[-99.148484,23.82501],[-99.150285,23.825207],[-99.152267,23.825609],[-99.153948,23.826013],[-99.155145,23.826156],[-99.155929,23.82625],[-99.15755,23.826283],[-99.15827,23.826279],[-99.159651,23.826395],[-99.160911,23.826224],[-99.162471,23.82601],[-99.163312,23.826294],[-99.164511,23.825876],[-99.165276,23.825429],[-99.166009,23.825002],[-99.168506,23.82452],[-99.169469,23.824334],[-99.180015,23.822295],[-99.183104,23.821698],[-99.198528,23.821771],[-99.211731,23.821832],[-99.219297,23.841159],[-99.218228,23.863131],[-99.20247,23.860037],[-99.201935,23.860029],[-99.201314,23.86002],[-99.178634,23.859899],[-99.178705,23.860151],[-99.178686,23.860292],[-99.175281,23.860477],[-99.175135,23.86057],[-99.174914,23.860711],[-99.174794,23.860787],[-99.174937,23.861583]]]}},{"type":"Feature","id":1705,"properties":{"id":1177,"entidad":28,"distrito_f":5,"distrito_l":14,"municipio":41,"seccion":1705,"tipo":4,"control":1126},"geometry":{"type":"Polygon","coordinates":[[[-99.130357,23.791888],[-99.130712,23.790962],[-99.132541,23.79068],[-99.133619,23.790496],[-99.136851,23.790039],[-99.143941,23.789076],[-99.144385,23.789065],[-99.144286,23.789125],[-99.144185,23.789256],[-99.144345,23.790251],[-99.14447,23.790821],[-99.144577,23.79142],[-99.144802,23.792463],[-99.144921,23.79298],[-99.144975,23.793442],[-99.145029,23.793808],[-99.145128,23.794302],[-99.145224,23.794595],[-99.145249,23.794848],[-99.145382,23.795463],[-99.145637,23.796546],[-99.1457,23.796818],[-99.145967,23.798357],[-99.14612,23.799124],[-99.149009,23.799254],[-99.151553,23.799406],[-99.154855,23.798826],[-99.156086,23.808627],[-99.156101,23.808747],[-99.15827,23.826279],[-99.15755,23.826283],[-99.155929,23.82625],[-99.155145,23.826156],[-99.153948,23.826013],[-99.152267,23.825609],[-99.150285,23.825207],[-99.148484,23.82501],[-99.147104,23.825182],[-99.145425,23.825767],[-99.144827,23.826595],[-99.144469,23.827462],[-99.144111,23.828247],[-99.143634,23.829197],[-99.143275,23.829652],[-99.142316,23.830193],[-99.141296,23.830404],[-99.139736,23.830329],[-99.139257,23.831032],[-99.139139,23.83161],[-99.138901,23.832477],[-99.138723,23.833055],[-99.138424,23.833633],[-99.137886,23.834295],[-99.13872,23.856149],[-99.139305,23.871461],[-99.122595,23.882569],[-99.116984,23.875203],[-99.114141,23.871471],[-99.112823,23.869741],[-99.112305,23.86906],[-99.111521,23.86803],[-99.110467,23.866646],[-99.110592,23.86657],[-99.111135,23.866407],[-99.111068,23.863523],[-99.105362,23.863115],[-99.105257,23.862287],[-99.104313,23.854895],[-99.104177,23.853831],[-99.103295,23.846929],[-99.103278,23.846794],[-99.10139,23.844372],[-99.091615,23.831832],[-99.100499,23.815606],[-99.101213,23.814303],[-99.106695,23.804289],[-99.111635,23.796395],[-99.111812,23.796218],[-99.112107,23.796083],[-99.112225,23.795974],[-99.112711,23.79543],[-99.113773,23.794466],[-99.114112,23.794316],[-99.114422,23.79418],[-99.1162,23.791594],[-99.117467,23.790204],[-99.118699,23.788725],[-99.118934,23.787683],[-99.119403,23.784729],[-99.120345,23.782601],[-99.122327,23.782425],[-99.129602,23.789846],[-99.128753,23.790628],[-99.130357,23.791888]]]}},{"type":"Feature","id":1706,"properties":{"id":2168,"entidad":28,"distrito_f":5,"distrito_l":14,"municipio":41,"seccion":1706,"tipo":3,"control":1803},"geometry":{"type":"Polygon","coordinates":[[[-99.176428,23.797716],[-99.176597,23.797787],[-99.176478,23.798328],[-99.176335,23.79896],[-99.176324,23.799398],[-99.176267,23.799784],[-99.176045,23.800087],[-99.175719,23.800207],[-99.175423,23.800646],[-99.175819,23.800669],[-99.176186,23.800638],[-99.176639,23.800246],[-99.176859,23.800013],[-99.177052,23.799809],[-99.177813,23.799268],[-99.178329,23.798901],[-99.17859,23.799305],[-99.178915,23.799912],[-99.17901,23.800339],[-99.179027,23.800603],[-99.179008,23.8009],[-99.178946,23.801196],[-99.178773,23.801691],[-99.178209,23.80303],[-99.183104,23.821698],[-99.180015,23.822295],[-99.169469,23.824334],[-99.168506,23.82452],[-99.166009,23.825002],[-99.165276,23.825429],[-99.164511,23.825876],[-99.163312,23.826294],[-99.162471,23.82601],[-99.160911,23.826224],[-99.159651,23.826395],[-99.15827,23.826279],[-99.156101,23.808747],[-99.156086,23.808627],[-99.154855,23.798826],[-99.151553,23.799406],[-99.149009,23.799254],[-99.14612,23.799124],[-99.145967,23.798357],[-99.1457,23.796818],[-99.145637,23.796546],[-99.145382,23.795463],[-99.145249,23.794848],[-99.145224,23.794595],[-99.145128,23.794302],[-99.145029,23.793808],[-99.144975,23.793442],[-99.144921,23.79298],[-99.144802,23.792463],[-99.144577,23.79142],[-99.14447,23.790821],[-99.144345,23.790251],[-99.144185,23.789256],[-99.144286,23.789125],[-99.144385,23.789065],[-99.144488,23.789005],[-99.144672,23.788908],[-99.144824,23.788794],[-99.144892,23.788668],[-99.144981,23.788],[-99.145278,23.786744],[-99.145539,23.785025],[-99.145801,23.783552],[-99.145989,23.78347],[-99.151548,23.78129],[-99.156002,23.779585],[-99.15603,23.779574],[-99.155809,23.779192],[-99.154372,23.777065],[-99.152609,23.774318],[-99.152471,23.774112],[-99.152398,23.773746],[-99.152391,23.77368],[-99.153064,23.773658],[-99.153893,23.773674],[-99.154928,23.773688],[-99.156097,23.773712],[-99.158867,23.773768],[-99.161804,23.77381],[-99.161811,23.773919],[-99.161986,23.776681],[-99.162012,23.777129],[-99.162034,23.777606],[-99.162063,23.778094],[-99.162091,23.778554],[-99.16212,23.779043],[-99.162146,23.77949],[-99.162155,23.779632],[-99.162194,23.780526],[-99.162275,23.782403],[-99.162281,23.782532],[-99.162416,23.784428],[-99.162617,23.786837],[-99.162843,23.789382],[-99.163295,23.789808],[-99.163864,23.790246],[-99.167814,23.790475],[-99.169241,23.790562],[-99.169297,23.790627],[-99.170974,23.792565],[-99.171303,23.792935],[-99.17287,23.792446],[-99.174536,23.796157],[-99.174271,23.796288],[-99.174633,23.796692],[-99.175161,23.797013],[-99.175629,23.797296],[-99.176136,23.797562],[-99.176428,23.797716]]]}},{"type":"Feature","id":1707,"properties":{"id":2216,"entidad":28,"distrito_f":5,"distrito_l":14,"municipio":41,"seccion":1707,"tipo":4,"control":1128},"geometry":{"type":"Polygon","coordinates":[[[-99.188936,23.787461],[-99.187616,23.785939],[-99.187576,23.785888],[-99.186191,23.784136],[-99.187969,23.783098],[-99.188135,23.781714],[-99.190249,23.764093],[-99.191313,23.753894],[-99.192151,23.753623],[-99.192316,23.753344],[-99.192227,23.74413],[-99.313325,23.743927],[-99.311083,23.747761],[-99.310883,23.748104],[-99.315019,23.747625],[-99.323696,23.757215],[-99.322566,23.759695],[-99.325017,23.765533],[-99.325179,23.765918],[-99.325534,23.766765],[-99.324112,23.770936],[-99.322126,23.771441],[-99.310266,23.774455],[-99.309185,23.77473],[-99.300678,23.776891],[-99.300084,23.777332],[-99.299818,23.777529],[-99.294576,23.78142],[-99.293267,23.784065],[-99.287088,23.784515],[-99.282404,23.789307],[-99.278115,23.789659],[-99.273826,23.790012],[-99.271455,23.796205],[-99.268284,23.795112],[-99.264993,23.793975],[-99.262115,23.793259],[-99.25873,23.793649],[-99.254377,23.794145],[-99.250451,23.794441],[-99.250388,23.795838],[-99.249227,23.821769],[-99.243799,23.827587],[-99.242479,23.827512],[-99.241759,23.827681],[-99.240861,23.82818],[-99.240022,23.828638],[-99.239424,23.829178],[-99.238466,23.829884],[-99.237387,23.830467],[-99.236489,23.830884],[-99.23493,23.831593],[-99.233311,23.831767],[-99.231691,23.832065],[-99.230912,23.832358],[-99.229954,23.833064],[-99.229595,23.83356],[-99.228938,23.834388],[-99.2284,23.835215],[-99.227504,23.836251],[-99.226066,23.837207],[-99.224445,23.837092],[-99.223367,23.837593],[-99.222949,23.83846],[-99.222172,23.839289],[-99.221033,23.839913],[-99.219297,23.841159],[-99.211731,23.821832],[-99.198528,23.821771],[-99.183104,23.821698],[-99.178209,23.80303],[-99.178773,23.801691],[-99.178946,23.801196],[-99.179008,23.8009],[-99.179027,23.800603],[-99.17901,23.800339],[-99.178915,23.799912],[-99.17859,23.799305],[-99.178329,23.798901],[-99.177813,23.799268],[-99.177052,23.799809],[-99.176859,23.800013],[-99.176639,23.800246],[-99.176186,23.800638],[-99.175819,23.800669],[-99.175423,23.800646],[-99.175719,23.800207],[-99.176045,23.800087],[-99.176267,23.799784],[-99.176324,23.799398],[-99.176335,23.79896],[-99.176478,23.798328],[-99.176597,23.797787],[-99.176472,23.797331],[-99.176615,23.796903],[-99.176695,23.796783],[-99.176735,23.796658],[-99.176809,23.796496],[-99.176917,23.796339],[-99.177106,23.796099],[-99.177271,23.795917],[-99.177357,23.795823],[-99.177659,23.795645],[-99.177784,23.79552],[-99.177933,23.795332],[-99.178035,23.795207],[-99.178235,23.79504],[-99.178475,23.794727],[-99.178783,23.794179],[-99.178925,23.793991],[-99.179062,23.793881],[-99.179245,23.793782],[-99.179518,23.793672],[-99.179604,23.793578],[-99.179764,23.793443],[-99.180043,23.793302],[-99.180243,23.793229],[-99.18042,23.79315],[-99.180756,23.79302],[-99.180876,23.792957],[-99.180939,23.792858],[-99.181002,23.792795],[-99.181315,23.792654],[-99.181447,23.792576],[-99.1818,23.792127],[-99.182017,23.79195],[-99.182348,23.791543],[-99.182639,23.791266],[-99.182861,23.791026],[-99.183009,23.790948],[-99.183164,23.790843],[-99.183357,23.790723],[-99.183751,23.790645],[-99.18423,23.790509],[-99.18459,23.790384],[-99.184835,23.790254],[-99.184898,23.790191],[-99.184995,23.790191],[-99.18524,23.790139],[-99.1854,23.790055],[-99.185896,23.789627],[-99.186307,23.789377],[-99.18694,23.789152],[-99.187134,23.788996],[-99.187356,23.788902],[-99.187584,23.788776],[-99.188035,23.788442],[-99.188215,23.788332],[-99.188292,23.788286],[-99.188936,23.787461]]]}},{"type":"Feature","id":1708,"properties":{"id":1179,"entidad":28,"distrito_f":5,"distrito_l":14,"municipio":41,"seccion":1708,"tipo":3,"control":1894},"geometry":{"type":"Polygon","coordinates":[[[-99.103014,23.758981],[-99.104836,23.759956],[-99.105453,23.760286],[-99.106108,23.760619],[-99.106643,23.760914],[-99.107185,23.761181],[-99.107358,23.761262],[-99.107917,23.761592],[-99.108668,23.761982],[-99.109436,23.762357],[-99.113798,23.764706],[-99.118931,23.767323],[-99.122175,23.768994],[-99.122394,23.769089],[-99.122654,23.769222],[-99.122956,23.769378],[-99.123864,23.769847],[-99.124344,23.770095],[-99.125037,23.770466],[-99.127005,23.771516],[-99.127118,23.771781],[-99.127213,23.772096],[-99.127202,23.773171],[-99.126496,23.774355],[-99.126367,23.775712],[-99.124761,23.77572],[-99.124266,23.775723],[-99.124168,23.775723],[-99.123689,23.775725],[-99.122567,23.781191],[-99.122327,23.782425],[-99.120345,23.782601],[-99.119403,23.784729],[-99.118934,23.787683],[-99.118699,23.788725],[-99.117467,23.790204],[-99.1162,23.791594],[-99.114422,23.79418],[-99.114112,23.794316],[-99.113773,23.794466],[-99.112711,23.79543],[-99.112225,23.795974],[-99.112107,23.796083],[-99.111812,23.796218],[-99.111635,23.796395],[-99.106695,23.804289],[-99.101213,23.814303],[-99.100499,23.815606],[-99.091615,23.831832],[-99.086633,23.825515],[-99.0784,23.815223],[-99.072661,23.823122],[-99.050415,23.800347],[-99.033864,23.783397],[-99.033826,23.783358],[-99.033207,23.782723],[-99.032653,23.782156],[-99.032064,23.781553],[-99.031381,23.780853],[-99.030405,23.779853],[-99.030133,23.779575],[-99.02153,23.770761],[-99.020489,23.771441],[-99.027671,23.779197],[-99.028152,23.779716],[-99.030592,23.782351],[-99.022108,23.788897],[-99.019899,23.7906],[-99.014318,23.78477],[-99.013731,23.784157],[-99.0136,23.784019],[-99.013061,23.783457],[-99.0082,23.778377],[-99.004598,23.780161],[-99.00114,23.776642],[-99.014063,23.767512],[-99.033094,23.754062],[-99.051758,23.740791],[-99.052431,23.740735],[-99.053532,23.740902],[-99.054014,23.74106],[-99.05423,23.741364],[-99.055454,23.742611],[-99.05718,23.744507],[-99.057354,23.744682],[-99.059939,23.747287],[-99.061392,23.746311],[-99.065314,23.755776],[-99.069157,23.753164],[-99.071263,23.751677],[-99.073758,23.749958],[-99.077759,23.748891],[-99.078435,23.748735],[-99.079079,23.751642],[-99.079615,23.751603],[-99.079671,23.751817],[-99.079601,23.752103],[-99.079671,23.752245],[-99.079734,23.752525],[-99.079796,23.752804],[-99.079952,23.753094],[-99.080092,23.753516],[-99.080693,23.753507],[-99.080875,23.753533],[-99.080932,23.753919],[-99.080964,23.754165],[-99.081006,23.754495],[-99.081508,23.754545],[-99.082214,23.754582],[-99.082703,23.754607],[-99.083422,23.754341],[-99.084161,23.75411],[-99.085131,23.753831],[-99.085674,23.753631],[-99.085972,23.753419],[-99.086433,23.753056],[-99.087121,23.752735],[-99.08801,23.752734],[-99.088748,23.752766],[-99.089184,23.752725],[-99.089621,23.752518],[-99.090135,23.752193],[-99.09065,23.752021],[-99.091066,23.75193],[-99.091468,23.751767],[-99.091824,23.751504],[-99.092108,23.751373],[-99.092614,23.750915],[-99.092646,23.750877],[-99.09289,23.750587],[-99.092961,23.750203],[-99.093147,23.74999],[-99.093867,23.749654],[-99.094086,23.749517],[-99.094172,23.749384],[-99.093909,23.74891],[-99.093822,23.748653],[-99.09391,23.748522],[-99.094379,23.749318],[-99.094781,23.749971],[-99.094814,23.750045],[-99.095047,23.750479],[-99.095072,23.750517],[-99.095689,23.751445],[-99.096305,23.75266],[-99.097071,23.753966],[-99.097578,23.754789],[-99.098005,23.755354],[-99.098736,23.756127],[-99.099641,23.756946],[-99.100297,23.757433],[-99.101063,23.75792],[-99.101366,23.758099],[-99.103014,23.758981]]]}},{"type":"Feature","id":1709,"properties":{"id":1180,"entidad":28,"distrito_f":5,"distrito_l":15,"municipio":41,"seccion":1709,"tipo":4,"control":1141},"geometry":{"type":"Polygon","coordinates":[[[-99.03206,23.635653],[-99.040277,23.638873],[-99.044402,23.640622],[-99.045007,23.640337],[-99.045822,23.640267],[-99.046679,23.640549],[-99.047477,23.641165],[-99.048099,23.641563],[-99.048422,23.641698],[-99.049263,23.641957],[-99.049613,23.642434],[-99.049656,23.64255],[-99.049419,23.643233],[-99.048513,23.645833],[-99.047481,23.648797],[-99.050203,23.650586],[-99.057946,23.655667],[-99.057777,23.655831],[-99.062178,23.659102],[-99.048571,23.668544],[-99.055235,23.671737],[-99.059076,23.673534],[-99.062171,23.675015],[-99.066207,23.676907],[-99.070483,23.678943],[-99.071737,23.679503],[-99.072424,23.679808],[-99.074597,23.680673],[-99.07837,23.682214],[-99.082954,23.684063],[-99.082783,23.684209],[-99.080605,23.686103],[-99.075698,23.690446],[-99.068771,23.696575],[-99.068382,23.696913],[-99.068382,23.697056],[-99.068557,23.697271],[-99.068726,23.697427],[-99.068947,23.697719],[-99.069051,23.697767],[-99.069089,23.697821],[-99.071453,23.701351],[-99.07024,23.702146],[-99.07445,23.71087],[-99.073847,23.711259],[-99.074684,23.712238],[-99.077989,23.715756],[-99.07384,23.718757],[-99.073781,23.718816],[-99.070471,23.72119],[-99.065113,23.724915],[-99.062998,23.726403],[-99.055401,23.731694],[-99.057474,23.736711],[-99.051758,23.740791],[-99.033094,23.754062],[-99.014063,23.767512],[-99.00114,23.776642],[-98.982015,23.757173],[-98.971619,23.762529],[-98.964672,23.766107],[-98.95923,23.759505],[-98.965894,23.755626],[-98.970669,23.752846],[-98.96498,23.748884],[-98.988305,23.736563],[-98.968482,23.715724],[-98.967437,23.714625],[-98.964438,23.711472],[-98.962722,23.709668],[-98.945609,23.691668],[-98.943818,23.689783],[-98.943644,23.688477],[-98.943319,23.686033],[-98.945091,23.669999],[-98.954678,23.65236],[-98.956776,23.651498],[-98.957534,23.649515],[-98.958469,23.647075],[-98.960984,23.646422],[-98.966196,23.644951],[-98.966904,23.644565],[-98.967564,23.644205],[-98.968244,23.643835],[-98.968535,23.643676],[-98.970519,23.642472],[-98.97098,23.642193],[-98.972673,23.641166],[-98.974005,23.640449],[-98.975295,23.639755],[-98.97741,23.638616],[-98.979027,23.638166],[-98.981594,23.639748],[-98.993566,23.638548],[-98.999765,23.628552],[-99.000351,23.631831],[-99.002277,23.636769],[-99.002995,23.636065],[-99.004192,23.635442],[-99.005509,23.634283],[-99.006587,23.633907],[-99.008145,23.634024],[-99.012871,23.628606],[-99.015331,23.63045],[-99.021017,23.626181],[-99.024256,23.628186],[-99.028157,23.631384],[-99.029388,23.632731],[-99.03206,23.635653]]]}},{"type":"Feature","id":2113,"properties":{"id":1178,"entidad":28,"distrito_f":5,"distrito_l":15,"municipio":41,"seccion":2113,"tipo":3,"control":2269},"geometry":{"type":"Polygon","coordinates":[[[-99.05423,23.741364],[-99.054014,23.74106],[-99.053532,23.740902],[-99.052431,23.740735],[-99.051758,23.740791],[-99.057474,23.736711],[-99.055401,23.731694],[-99.062998,23.726403],[-99.065113,23.724915],[-99.069112,23.728682],[-99.071343,23.727004],[-99.071967,23.73135],[-99.076883,23.735357],[-99.082314,23.73154],[-99.083039,23.731032],[-99.083227,23.730882],[-99.084062,23.730298],[-99.084696,23.729851],[-99.085117,23.729551],[-99.086166,23.728824],[-99.086424,23.72863],[-99.0876,23.727834],[-99.087706,23.727764],[-99.089008,23.726857],[-99.089071,23.726826],[-99.09018,23.726095],[-99.0926,23.724493],[-99.0931,23.724456],[-99.093074,23.724604],[-99.092994,23.725332],[-99.09288,23.726462],[-99.092818,23.727079],[-99.092799,23.72733],[-99.092803,23.72749],[-99.092808,23.7277],[-99.092804,23.728116],[-99.092818,23.728312],[-99.092663,23.729577],[-99.092531,23.730582],[-99.09244,23.731414],[-99.092403,23.731718],[-99.092358,23.732086],[-99.092324,23.73243],[-99.092293,23.732753],[-99.092277,23.732886],[-99.092157,23.733888],[-99.092078,23.734494],[-99.091954,23.735592],[-99.091935,23.735778],[-99.091875,23.736536],[-99.091872,23.736607],[-99.091852,23.737012],[-99.091791,23.737375],[-99.091642,23.737477],[-99.089628,23.738944],[-99.088672,23.739587],[-99.088633,23.739544],[-99.088585,23.739533],[-99.088508,23.739527],[-99.088437,23.739565],[-99.08833,23.739685],[-99.088181,23.739832],[-99.086541,23.740996],[-99.085387,23.741821],[-99.08486,23.742198],[-99.084455,23.742481],[-99.082148,23.744119],[-99.08146,23.744652],[-99.080826,23.745048],[-99.079392,23.746105],[-99.079125,23.746278],[-99.078641,23.745768],[-99.078047,23.745168],[-99.077424,23.745359],[-99.076702,23.745259],[-99.076327,23.745145],[-99.07538,23.745815],[-99.075229,23.746007],[-99.075016,23.746375],[-99.074913,23.746676],[-99.074839,23.747122],[-99.074725,23.747427],[-99.074587,23.747723],[-99.07438,23.748023],[-99.074271,23.748356],[-99.074118,23.748638],[-99.07391,23.748943],[-99.073812,23.749198],[-99.073752,23.749362],[-99.073619,23.749699],[-99.073758,23.749958],[-99.071263,23.751677],[-99.069157,23.753164],[-99.065314,23.755776],[-99.061392,23.746311],[-99.059939,23.747287],[-99.057354,23.744682],[-99.05718,23.744507],[-99.055454,23.742611],[-99.05423,23.741364]]]}},{"type":"Feature","id":2114,"properties":{"id":1181,"entidad":28,"distrito_f":5,"distrito_l":15,"municipio":41,"seccion":2114,"tipo":3,"control":2268},"geometry":{"type":"Polygon","coordinates":[[[-99.081006,23.754495],[-99.080964,23.754165],[-99.080932,23.753919],[-99.080875,23.753533],[-99.080693,23.753507],[-99.080092,23.753516],[-99.079952,23.753094],[-99.079796,23.752804],[-99.079734,23.752525],[-99.079671,23.752245],[-99.079601,23.752103],[-99.079671,23.751817],[-99.079615,23.751603],[-99.079079,23.751642],[-99.078435,23.748735],[-99.077759,23.748891],[-99.073758,23.749958],[-99.073619,23.749699],[-99.073752,23.749362],[-99.073812,23.749198],[-99.07391,23.748943],[-99.074118,23.748638],[-99.074271,23.748356],[-99.07438,23.748023],[-99.074587,23.747723],[-99.074725,23.747427],[-99.074839,23.747122],[-99.074913,23.746676],[-99.075016,23.746375],[-99.075229,23.746007],[-99.07538,23.745815],[-99.076327,23.745145],[-99.076702,23.745259],[-99.077424,23.745359],[-99.078047,23.745168],[-99.078641,23.745768],[-99.079125,23.746278],[-99.079392,23.746105],[-99.080826,23.745048],[-99.08146,23.744652],[-99.082148,23.744119],[-99.084455,23.742481],[-99.08486,23.742198],[-99.085387,23.741821],[-99.086541,23.740996],[-99.088181,23.739832],[-99.08833,23.739685],[-99.088437,23.739565],[-99.088508,23.739527],[-99.088585,23.739533],[-99.088633,23.739544],[-99.088672,23.739587],[-99.089628,23.738944],[-99.091642,23.737477],[-99.091791,23.737375],[-99.091721,23.738319],[-99.091581,23.739619],[-99.091546,23.739946],[-99.091518,23.740212],[-99.091474,23.740592],[-99.091437,23.740915],[-99.091461,23.740964],[-99.091375,23.741457],[-99.091323,23.741912],[-99.091285,23.742218],[-99.091267,23.742371],[-99.091239,23.742672],[-99.091257,23.742887],[-99.091267,23.743073],[-99.091328,23.743479],[-99.091337,23.743606],[-99.091359,23.743713],[-99.091364,23.743752],[-99.091504,23.744287],[-99.091651,23.744607],[-99.091696,23.744717],[-99.092296,23.745777],[-99.09391,23.748522],[-99.093822,23.748653],[-99.093909,23.74891],[-99.094172,23.749384],[-99.094086,23.749517],[-99.093867,23.749654],[-99.093147,23.74999],[-99.092961,23.750203],[-99.09289,23.750587],[-99.092646,23.750877],[-99.092614,23.750915],[-99.092108,23.751373],[-99.091824,23.751504],[-99.091468,23.751767],[-99.091066,23.75193],[-99.09065,23.752021],[-99.090135,23.752193],[-99.089621,23.752518],[-99.089184,23.752725],[-99.088748,23.752766],[-99.08801,23.752734],[-99.087121,23.752735],[-99.086433,23.753056],[-99.085972,23.753419],[-99.085674,23.753631],[-99.085131,23.753831],[-99.084161,23.75411],[-99.083422,23.754341],[-99.082703,23.754607],[-99.082214,23.754582],[-99.081508,23.754545],[-99.081006,23.754495]]]}},{"type":"Feature","id":1710,"properties":{"id":1183,"entidad":28,"distrito_f":5,"distrito_l":15,"municipio":41,"seccion":1710,"tipo":3,"control":1800},"geometry":{"type":"Polygon","coordinates":[[[-99.03206,23.635653],[-99.029388,23.632731],[-99.028157,23.631384],[-99.024256,23.628186],[-99.021017,23.626181],[-99.019754,23.624126],[-99.023825,23.621429],[-99.015358,23.611245],[-99.041345,23.593585],[-99.034248,23.586274],[-99.0299,23.581793],[-99.027948,23.577794],[-99.024436,23.5706],[-99.030251,23.564803],[-99.031637,23.56342],[-99.03169,23.563623],[-99.031743,23.563826],[-99.033408,23.570214],[-99.038838,23.566111],[-99.03997,23.565256],[-99.041057,23.564434],[-99.042666,23.563218],[-99.047474,23.559585],[-99.048259,23.558991],[-99.053372,23.555126],[-99.045519,23.542767],[-99.036372,23.542448],[-99.05358,23.527641],[-99.076778,23.527172],[-99.075497,23.516033],[-99.093495,23.514801],[-99.093571,23.529496],[-99.095688,23.541838],[-99.097215,23.551197],[-99.098991,23.557328],[-99.100953,23.561514],[-99.102552,23.566983],[-99.103024,23.569095],[-99.103317,23.571083],[-99.103192,23.573028],[-99.102883,23.57667],[-99.103174,23.579402],[-99.104366,23.580772],[-99.155461,23.607955],[-99.155496,23.607973],[-99.156392,23.608389],[-99.156751,23.608576],[-99.157109,23.608764],[-99.157766,23.609138],[-99.158365,23.609056],[-99.158963,23.608851],[-99.159502,23.608769],[-99.1601,23.608895],[-99.160998,23.608773],[-99.161955,23.608734],[-99.162195,23.608237],[-99.162196,23.607906],[-99.162257,23.607493],[-99.163095,23.607412],[-99.163394,23.607247],[-99.163634,23.606916],[-99.163696,23.606295],[-99.163816,23.60613],[-99.164175,23.605841],[-99.164833,23.60576],[-99.165432,23.605679],[-99.166089,23.605846],[-99.166687,23.605889],[-99.166808,23.605682],[-99.166928,23.60531],[-99.166989,23.604854],[-99.16717,23.604192],[-99.16753,23.603779],[-99.168667,23.603782],[-99.169266,23.603328],[-99.170164,23.603082],[-99.170524,23.602462],[-99.170824,23.60209],[-99.171244,23.601635],[-99.171544,23.601098],[-99.171784,23.60085],[-99.172681,23.600935],[-99.173518,23.601144],[-99.174175,23.601518],[-99.174953,23.601561],[-99.175311,23.601934],[-99.175968,23.602143],[-99.176327,23.602309],[-99.176625,23.602682],[-99.177044,23.602766],[-99.177582,23.602809],[-99.177521,23.603223],[-99.177699,23.603761],[-99.178836,23.603722],[-99.179674,23.6036],[-99.180631,23.603395],[-99.18129,23.603272],[-99.181828,23.603232],[-99.182666,23.602903],[-99.183264,23.602987],[-99.184281,23.603031],[-99.185118,23.603281],[-99.185657,23.603158],[-99.186674,23.602953],[-99.187631,23.603204],[-99.188168,23.603453],[-99.188766,23.603537],[-99.189186,23.603331],[-99.189784,23.603332],[-99.190681,23.60321],[-99.19128,23.603004],[-99.192117,23.603048],[-99.189205,23.613317],[-99.188123,23.617135],[-99.181955,23.638805],[-99.179895,23.646244],[-99.179748,23.646772],[-99.179577,23.64739],[-99.179389,23.648067],[-99.179307,23.648365],[-99.1695,23.683751],[-99.148761,23.686616],[-99.146384,23.686944],[-99.146447,23.688528],[-99.145843,23.688529],[-99.142759,23.688563],[-99.139951,23.688534],[-99.139768,23.688354],[-99.139678,23.688311],[-99.13668,23.685127],[-99.136472,23.685259],[-99.136416,23.685273],[-99.136087,23.685509],[-99.136047,23.68553],[-99.135758,23.685748],[-99.135718,23.685783],[-99.134974,23.686288],[-99.134903,23.686348],[-99.134493,23.686612],[-99.132848,23.687789],[-99.135691,23.690727],[-99.138076,23.693192],[-99.139109,23.69426],[-99.138438,23.694784],[-99.138167,23.694962],[-99.137647,23.695286],[-99.137293,23.69557],[-99.13655,23.696114],[-99.135505,23.69688],[-99.135427,23.696958],[-99.136037,23.697644],[-99.134831,23.69847],[-99.134805,23.698541],[-99.137258,23.701102],[-99.137391,23.70124],[-99.137871,23.701711],[-99.139762,23.703801],[-99.138858,23.704405],[-99.13884,23.704435],[-99.137004,23.705735],[-99.136806,23.705831],[-99.135928,23.705483],[-99.131444,23.703685],[-99.131232,23.703599],[-99.128423,23.702466],[-99.128271,23.702766],[-99.127897,23.703608],[-99.127858,23.7037],[-99.127474,23.704512],[-99.127042,23.705457],[-99.127,23.705456],[-99.126957,23.705452],[-99.126845,23.705428],[-99.126792,23.705415],[-99.126685,23.70538],[-99.126635,23.705358],[-99.124303,23.705035],[-99.123438,23.707],[-99.123175,23.707164],[-99.122427,23.707519],[-99.122214,23.707592],[-99.122006,23.707417],[-99.120967,23.706541],[-99.120805,23.706404],[-99.120064,23.705779],[-99.117458,23.703582],[-99.117399,23.703532],[-99.117335,23.703477],[-99.117261,23.703415],[-99.116839,23.703059],[-99.116149,23.702454],[-99.110975,23.706069],[-99.1095,23.704493],[-99.109226,23.704398],[-99.106906,23.702118],[-99.104746,23.703624],[-99.102362,23.705105],[-99.096176,23.698789],[-99.09581,23.702855],[-99.090887,23.700863],[-99.089075,23.702108],[-99.087824,23.702962],[-99.082857,23.706473],[-99.078631,23.709452],[-99.074684,23.712238],[-99.073847,23.711259],[-99.07445,23.71087],[-99.07024,23.702146],[-99.071453,23.701351],[-99.069089,23.697821],[-99.069051,23.697767],[-99.068947,23.697719],[-99.068726,23.697427],[-99.068557,23.697271],[-99.068382,23.697056],[-99.068382,23.696913],[-99.068771,23.696575],[-99.075698,23.690446],[-99.080605,23.686103],[-99.082783,23.684209],[-99.082954,23.684063],[-99.07837,23.682214],[-99.074597,23.680673],[-99.072424,23.679808],[-99.071737,23.679503],[-99.070483,23.678943],[-99.066207,23.676907],[-99.062171,23.675015],[-99.059076,23.673534],[-99.055235,23.671737],[-99.048571,23.668544],[-99.062178,23.659102],[-99.057777,23.655831],[-99.057946,23.655667],[-99.050203,23.650586],[-99.047481,23.648797],[-99.048513,23.645833],[-99.049419,23.643233],[-99.049656,23.64255],[-99.049613,23.642434],[-99.049263,23.641957],[-99.048422,23.641698],[-99.048099,23.641563],[-99.047477,23.641165],[-99.046679,23.640549],[-99.045822,23.640267],[-99.045007,23.640337],[-99.044402,23.640622],[-99.040277,23.638873],[-99.03206,23.635653]]]}},{"type":"Feature","id":2115,"properties":{"id":1182,"entidad":28,"distrito_f":5,"distrito_l":15,"municipio":41,"seccion":2115,"tipo":2,"control":2267},"geometry":{"type":"Polygon","coordinates":[[[-99.100258,23.740516],[-99.099846,23.740815],[-99.09966,23.740845],[-99.099211,23.741263],[-99.099192,23.74139],[-99.098756,23.74163],[-99.097645,23.742568],[-99.097604,23.742698],[-99.097475,23.742709],[-99.097251,23.742933],[-99.097216,23.74304],[-99.096857,23.743155],[-99.095915,23.743692],[-99.095654,23.743822],[-99.095542,23.743999],[-99.09508,23.744251],[-99.094754,23.744125],[-99.094527,23.744091],[-99.09421,23.74413],[-99.094006,23.744173],[-99.091696,23.744717],[-99.091651,23.744607],[-99.091504,23.744287],[-99.091364,23.743752],[-99.091359,23.743713],[-99.091337,23.743606],[-99.091328,23.743479],[-99.091267,23.743073],[-99.091257,23.742887],[-99.091239,23.742672],[-99.091267,23.742371],[-99.091285,23.742218],[-99.091323,23.741912],[-99.091375,23.741457],[-99.091461,23.740964],[-99.091437,23.740915],[-99.091474,23.740592],[-99.091518,23.740212],[-99.091546,23.739946],[-99.091581,23.739619],[-99.091721,23.738319],[-99.091791,23.737375],[-99.091852,23.737012],[-99.091872,23.736607],[-99.091875,23.736536],[-99.091935,23.735778],[-99.091954,23.735592],[-99.092078,23.734494],[-99.092157,23.733888],[-99.092277,23.732886],[-99.092293,23.732753],[-99.092324,23.73243],[-99.092358,23.732086],[-99.092403,23.731718],[-99.09244,23.731414],[-99.092531,23.730582],[-99.092663,23.729577],[-99.092818,23.728312],[-99.092917,23.72832],[-99.093004,23.728508],[-99.093024,23.728809],[-99.09297,23.729245],[-99.092878,23.730193],[-99.092833,23.730842],[-99.092763,23.73137],[-99.092764,23.73172],[-99.092771,23.731809],[-99.092754,23.73187],[-99.092781,23.731917],[-99.092846,23.731951],[-99.092945,23.732047],[-99.093216,23.732342],[-99.093636,23.732806],[-99.09408,23.73331],[-99.094527,23.733682],[-99.094917,23.734083],[-99.09522,23.734448],[-99.095367,23.733781],[-99.095446,23.733444],[-99.096095,23.734203],[-99.097046,23.733627],[-99.098916,23.7356],[-99.09983,23.736739],[-99.099463,23.736995],[-99.100734,23.738548],[-99.099374,23.739483],[-99.099669,23.739838],[-99.100102,23.740359],[-99.100258,23.740516]]]}},{"type":"Feature","id":2116,"properties":{"id":1184,"entidad":28,"distrito_f":5,"distrito_l":15,"municipio":41,"seccion":2116,"tipo":3,"control":2266},"geometry":{"type":"Polygon","coordinates":[[[-99.105909,23.727522],[-99.106149,23.727814],[-99.106449,23.728177],[-99.106731,23.72852],[-99.10703,23.728882],[-99.107326,23.729241],[-99.107664,23.729651],[-99.107089,23.730013],[-99.106118,23.730685],[-99.10512,23.731352],[-99.10464,23.731673],[-99.104121,23.732023],[-99.103825,23.732236],[-99.103414,23.732457],[-99.10319,23.732626],[-99.102056,23.733442],[-99.100502,23.734507],[-99.100163,23.734097],[-99.099799,23.734368],[-99.099425,23.734623],[-99.099085,23.734867],[-99.099422,23.735279],[-99.098916,23.7356],[-99.097046,23.733627],[-99.096095,23.734203],[-99.095446,23.733444],[-99.095367,23.733781],[-99.09522,23.734448],[-99.094917,23.734083],[-99.094527,23.733682],[-99.09408,23.73331],[-99.093636,23.732806],[-99.093216,23.732342],[-99.092945,23.732047],[-99.092846,23.731951],[-99.092781,23.731917],[-99.092754,23.73187],[-99.092771,23.731809],[-99.092764,23.73172],[-99.092763,23.73137],[-99.092833,23.730842],[-99.092878,23.730193],[-99.09297,23.729245],[-99.093024,23.728809],[-99.093004,23.728508],[-99.092917,23.72832],[-99.092818,23.728312],[-99.092804,23.728116],[-99.092808,23.7277],[-99.092803,23.72749],[-99.092799,23.72733],[-99.092818,23.727079],[-99.09288,23.726462],[-99.092994,23.725332],[-99.093074,23.724604],[-99.0931,23.724456],[-99.093109,23.724358],[-99.093107,23.724302],[-99.093145,23.723989],[-99.093312,23.722561],[-99.093468,23.721228],[-99.093509,23.720874],[-99.093516,23.720741],[-99.093533,23.720368],[-99.093588,23.719429],[-99.093587,23.7194],[-99.093579,23.719233],[-99.093992,23.719239],[-99.09409,23.719241],[-99.094256,23.719232],[-99.095272,23.719266],[-99.096021,23.719266],[-99.096621,23.719233],[-99.097048,23.719199],[-99.097585,23.719164],[-99.097753,23.719161],[-99.097838,23.719174],[-99.097971,23.719157],[-99.099327,23.719183],[-99.099697,23.719193],[-99.100151,23.719221],[-99.101842,23.719268],[-99.102389,23.719274],[-99.102779,23.719277],[-99.104024,23.719287],[-99.104118,23.719294],[-99.10412,23.719496],[-99.104132,23.720248],[-99.104155,23.723113],[-99.104171,23.723243],[-99.104183,23.72334],[-99.104235,23.723868],[-99.104314,23.724298],[-99.104437,23.72473],[-99.104531,23.72506],[-99.104718,23.725578],[-99.104862,23.725911],[-99.105485,23.727008],[-99.105581,23.727125],[-99.105909,23.727522]]]}},{"type":"Feature","id":1711,"properties":{"id":1187,"entidad":28,"distrito_f":5,"distrito_l":15,"municipio":41,"seccion":1711,"tipo":4,"control":1885},"geometry":{"type":"Polygon","coordinates":[[[-99.167589,23.409167],[-99.169182,23.410515],[-99.170374,23.411553],[-99.172044,23.412964],[-99.173416,23.413671],[-99.174788,23.414378],[-99.175802,23.415042],[-99.176577,23.415706],[-99.17771,23.41662],[-99.178485,23.417284],[-99.178961,23.417906],[-99.179438,23.41861],[-99.179735,23.419191],[-99.180092,23.419937],[-99.180209,23.420765],[-99.180028,23.421758],[-99.179727,23.422502],[-99.179188,23.423329],[-99.178709,23.423866],[-99.178288,23.425024],[-99.178047,23.425686],[-99.178523,23.426515],[-99.178939,23.427633],[-99.179535,23.42838],[-99.18031,23.429044],[-99.181205,23.429625],[-99.182278,23.43029],[-99.183234,23.430292],[-99.18437,23.430212],[-99.185266,23.43009],[-99.185148,23.429427],[-99.18509,23.428475],[-99.185271,23.42773],[-99.185153,23.427109],[-99.185035,23.426322],[-99.185515,23.425495],[-99.186471,23.425704],[-99.187128,23.425665],[-99.188501,23.42604],[-99.189456,23.426497],[-99.19041,23.426996],[-99.191366,23.427288],[-99.19238,23.427953],[-99.193215,23.428534],[-99.194169,23.429157],[-99.195303,23.42978],[-99.196138,23.43032],[-99.196675,23.430694],[-99.19757,23.431482],[-99.198405,23.431774],[-99.199062,23.431982],[-99.200376,23.432233],[-99.201572,23.43178],[-99.201872,23.431202],[-99.202411,23.43054],[-99.202951,23.429424],[-99.20355,23.428349],[-99.20421,23.427357],[-99.205584,23.42736],[-99.207374,23.428274],[-99.208686,23.429105],[-99.210237,23.430225],[-99.212027,23.431471],[-99.214116,23.432469],[-99.216086,23.433425],[-99.218235,23.434133],[-99.220026,23.434509],[-99.222238,23.434141],[-99.22439,23.433234],[-99.225146,23.433018],[-99.225825,23.432823],[-99.227857,23.432247],[-99.230128,23.431796],[-99.231741,23.431799],[-99.233473,23.43201],[-99.234847,23.432219],[-99.236161,23.432594],[-99.237294,23.433217],[-99.238189,23.434254],[-99.239741,23.434836],[-99.241055,23.434715],[-99.24249,23.43422],[-99.243865,23.433768],[-99.24536,23.433108],[-99.247216,23.430752],[-99.253785,23.466652],[-99.251317,23.477452],[-99.252328,23.480268],[-99.25292,23.483374],[-99.254226,23.48855],[-99.253381,23.493144],[-99.253968,23.499643],[-99.281181,23.488554],[-99.280725,23.493104],[-99.278729,23.513026],[-99.277579,23.524497],[-99.277357,23.526713],[-99.307673,23.521998],[-99.307724,23.549953],[-99.307733,23.554865],[-99.307735,23.555733],[-99.307757,23.568072],[-99.307783,23.5823],[-99.307793,23.587778],[-99.307803,23.593305],[-99.307824,23.604454],[-99.307825,23.605282],[-99.307826,23.605737],[-99.307836,23.611465],[-99.307848,23.617616],[-99.293347,23.617604],[-99.288134,23.617599],[-99.288173,23.618945],[-99.288241,23.621264],[-99.288666,23.635807],[-99.288808,23.640646],[-99.288848,23.642024],[-99.289419,23.661549],[-99.289511,23.664697],[-99.282437,23.664533],[-99.284066,23.669294],[-99.286559,23.676584],[-99.274614,23.678856],[-99.274017,23.678969],[-99.269785,23.679774],[-99.26873,23.679091],[-99.268523,23.678957],[-99.266004,23.678518],[-99.264265,23.678405],[-99.263127,23.678865],[-99.25803,23.678482],[-99.254669,23.677472],[-99.252868,23.67674],[-99.249327,23.675524],[-99.247647,23.675039],[-99.246266,23.674388],[-99.241353,23.675116],[-99.237877,23.675383],[-99.235423,23.676757],[-99.231408,23.677027],[-99.229848,23.676789],[-99.228347,23.676179],[-99.226788,23.67594],[-99.225351,23.676567],[-99.224633,23.676941],[-99.223791,23.67604],[-99.223309,23.6753],[-99.222107,23.6744],[-99.220489,23.674739],[-99.219472,23.675198],[-99.218512,23.67508],[-99.21755,23.674096],[-99.216529,23.673401],[-99.215927,23.672745],[-99.214904,23.671597],[-99.213925,23.670966],[-99.213763,23.670861],[-99.211843,23.670501],[-99.210406,23.670797],[-99.200773,23.659967],[-99.197213,23.655964],[-99.181955,23.638805],[-99.188123,23.617135],[-99.189205,23.613317],[-99.192117,23.603048],[-99.19128,23.603004],[-99.190681,23.60321],[-99.189784,23.603332],[-99.189186,23.603331],[-99.188766,23.603537],[-99.188168,23.603453],[-99.187631,23.603204],[-99.186674,23.602953],[-99.185657,23.603158],[-99.185118,23.603281],[-99.184281,23.603031],[-99.183264,23.602987],[-99.182666,23.602903],[-99.181828,23.603232],[-99.18129,23.603272],[-99.180631,23.603395],[-99.179674,23.6036],[-99.178836,23.603722],[-99.177699,23.603761],[-99.177521,23.603223],[-99.177582,23.602809],[-99.177044,23.602766],[-99.176625,23.602682],[-99.176327,23.602309],[-99.175968,23.602143],[-99.175311,23.601934],[-99.174953,23.601561],[-99.174175,23.601518],[-99.173518,23.601144],[-99.172681,23.600935],[-99.171784,23.60085],[-99.171544,23.601098],[-99.171244,23.601635],[-99.170824,23.60209],[-99.170524,23.602462],[-99.170164,23.603082],[-99.169266,23.603328],[-99.168667,23.603782],[-99.16753,23.603779],[-99.16717,23.604192],[-99.166989,23.604854],[-99.166928,23.60531],[-99.166808,23.605682],[-99.166687,23.605889],[-99.166089,23.605846],[-99.165432,23.605679],[-99.164833,23.60576],[-99.164175,23.605841],[-99.163816,23.60613],[-99.163696,23.606295],[-99.163634,23.606916],[-99.163394,23.607247],[-99.163095,23.607412],[-99.162257,23.607493],[-99.162196,23.607906],[-99.162195,23.608237],[-99.161955,23.608734],[-99.160998,23.608773],[-99.1601,23.608895],[-99.159502,23.608769],[-99.158963,23.608851],[-99.158365,23.609056],[-99.157766,23.609138],[-99.157109,23.608764],[-99.156751,23.608576],[-99.156392,23.608389],[-99.155496,23.607973],[-99.155461,23.607955],[-99.104366,23.580772],[-99.103174,23.579402],[-99.102883,23.57667],[-99.103192,23.573028],[-99.103317,23.571083],[-99.103024,23.569095],[-99.102552,23.566983],[-99.100953,23.561514],[-99.098991,23.557328],[-99.097215,23.551197],[-99.095688,23.541838],[-99.093571,23.529496],[-99.093495,23.514801],[-99.09352,23.465253],[-99.112227,23.464269],[-99.122422,23.462029],[-99.123599,23.46177],[-99.136801,23.458869],[-99.137589,23.448817],[-99.137612,23.448525],[-99.137975,23.443887],[-99.120505,23.452742],[-99.118717,23.429101],[-99.118876,23.428736],[-99.122147,23.421198],[-99.128235,23.40717],[-99.129643,23.403925],[-99.134524,23.392673],[-99.1541,23.398144],[-99.154579,23.398021],[-99.155057,23.397939],[-99.15685,23.397323],[-99.157744,23.39712],[-99.157879,23.397188],[-99.158015,23.397256],[-99.158248,23.397714],[-99.158718,23.398258],[-99.158777,23.398341],[-99.159185,23.399008],[-99.159772,23.399802],[-99.160597,23.40064],[-99.161065,23.401307],[-99.161417,23.401808],[-99.161592,23.4021],[-99.161882,23.402683],[-99.162292,23.403267],[-99.162585,23.403725],[-99.163173,23.404395],[-99.163584,23.404938],[-99.164053,23.405564],[-99.164523,23.406149],[-99.164935,23.406568],[-99.165407,23.407029],[-99.165817,23.407655],[-99.166465,23.408284],[-99.167292,23.408998],[-99.167589,23.409167]]]}},{"type":"Feature","id":2065,"properties":{"id":1188,"entidad":28,"distrito_f":5,"distrito_l":14,"municipio":41,"seccion":2065,"tipo":2,"control":2359},"geometry":{"type":"Polygon","coordinates":[[[-99.161318,23.767518],[-99.161336,23.768159],[-99.161338,23.768229],[-99.161341,23.768342],[-99.161343,23.768402],[-99.161347,23.768567],[-99.161492,23.770216],[-99.161503,23.770337],[-99.161596,23.771383],[-99.161627,23.771693],[-99.161648,23.771988],[-99.161781,23.773501],[-99.161786,23.773559],[-99.161804,23.77381],[-99.158867,23.773768],[-99.156097,23.773712],[-99.156221,23.773462],[-99.154891,23.773448],[-99.154797,23.772842],[-99.156673,23.772951],[-99.156719,23.772536],[-99.15593,23.772487],[-99.155961,23.77207],[-99.155993,23.771622],[-99.156042,23.771358],[-99.156086,23.770911],[-99.156199,23.770358],[-99.156731,23.770289],[-99.157433,23.770189],[-99.157375,23.769787],[-99.157384,23.769717],[-99.157426,23.76967],[-99.157348,23.76925],[-99.157419,23.769192],[-99.157361,23.768768],[-99.158528,23.768599],[-99.158478,23.768303],[-99.159747,23.768138],[-99.159694,23.767621],[-99.161097,23.767532],[-99.161235,23.767523],[-99.161318,23.767518]]]}},{"type":"Feature","id":2066,"properties":{"id":1189,"entidad":28,"distrito_f":5,"distrito_l":14,"municipio":41,"seccion":2066,"tipo":2,"control":2360},"geometry":{"type":"Polygon","coordinates":[[[-99.151476,23.767201],[-99.152855,23.766997],[-99.153112,23.766959],[-99.153181,23.767483],[-99.153258,23.767951],[-99.153336,23.768407],[-99.153422,23.768935],[-99.154153,23.768934],[-99.154585,23.768975],[-99.154902,23.769094],[-99.155027,23.768811],[-99.155083,23.768837],[-99.155148,23.768858],[-99.155188,23.768872],[-99.155354,23.768927],[-99.155787,23.768956],[-99.156383,23.768896],[-99.157224,23.768787],[-99.157361,23.768768],[-99.157419,23.769192],[-99.157348,23.76925],[-99.157426,23.76967],[-99.157384,23.769717],[-99.157375,23.769787],[-99.157433,23.770189],[-99.156731,23.770289],[-99.156199,23.770358],[-99.156086,23.770911],[-99.156042,23.771358],[-99.155993,23.771622],[-99.155961,23.77207],[-99.15593,23.772487],[-99.156719,23.772536],[-99.156673,23.772951],[-99.154797,23.772842],[-99.154891,23.773448],[-99.156221,23.773462],[-99.156097,23.773712],[-99.154928,23.773688],[-99.153893,23.773674],[-99.153064,23.773658],[-99.152391,23.77368],[-99.151799,23.7737],[-99.151798,23.77368],[-99.151795,23.773643],[-99.151776,23.773459],[-99.151767,23.773428],[-99.151747,23.773352],[-99.151697,23.7732],[-99.151372,23.77267],[-99.151347,23.77263],[-99.151054,23.772207],[-99.15099,23.77212],[-99.150689,23.771721],[-99.150456,23.771393],[-99.150726,23.770269],[-99.150871,23.769663],[-99.151028,23.769024],[-99.151131,23.768602],[-99.151137,23.768581],[-99.151267,23.768051],[-99.151412,23.76746],[-99.151476,23.767201]]]}},{"type":"Feature","id":2256,"properties":{"id":2217,"entidad":28,"distrito_f":5,"distrito_l":14,"municipio":41,"seccion":2256,"tipo":2,"control":2572},"geometry":{"type":"Polygon","coordinates":[[[-99.190249,23.764093],[-99.188135,23.781714],[-99.188029,23.781703],[-99.187521,23.781637],[-99.187492,23.781633],[-99.187033,23.781574],[-99.187011,23.781571],[-99.18651,23.781501],[-99.186482,23.781498],[-99.186362,23.781481],[-99.186104,23.781446],[-99.185505,23.781355],[-99.184974,23.781275],[-99.184726,23.781241],[-99.183493,23.781066],[-99.183473,23.781061],[-99.182987,23.78096],[-99.18291,23.780991],[-99.182632,23.780939],[-99.182132,23.780864],[-99.181936,23.78082],[-99.18131,23.780559],[-99.18114,23.780511],[-99.181073,23.780492],[-99.180857,23.780464],[-99.180425,23.780415],[-99.180201,23.780396],[-99.17992,23.780348],[-99.179993,23.779822],[-99.18007,23.779298],[-99.180187,23.778507],[-99.179265,23.778401],[-99.179272,23.778003],[-99.179137,23.778062],[-99.178964,23.778236],[-99.178486,23.778691],[-99.178479,23.778407],[-99.177586,23.778406],[-99.177589,23.778007],[-99.177583,23.777591],[-99.177588,23.777413],[-99.177537,23.777102],[-99.177543,23.776258],[-99.17756,23.775857],[-99.177563,23.775436],[-99.177571,23.774968],[-99.177566,23.774595],[-99.177536,23.774144],[-99.178701,23.774339],[-99.179137,23.774412],[-99.179272,23.774489],[-99.179404,23.774578],[-99.179505,23.774754],[-99.179557,23.77442],[-99.179721,23.773545],[-99.179769,23.773263],[-99.179862,23.77271],[-99.180067,23.771492],[-99.180175,23.77087],[-99.180181,23.770832],[-99.180347,23.769868],[-99.180687,23.768241],[-99.180628,23.768231],[-99.181513,23.763237],[-99.181627,23.76259],[-99.184688,23.763057],[-99.186172,23.763333],[-99.190249,23.764093]]]}},{"type":"Feature","id":2117,"properties":{"id":1185,"entidad":28,"distrito_f":5,"distrito_l":15,"municipio":41,"seccion":2117,"tipo":3,"control":2270},"geometry":{"type":"Polygon","coordinates":[[[-99.065113,23.724915],[-99.070471,23.72119],[-99.073781,23.718816],[-99.07384,23.718757],[-99.077989,23.715756],[-99.074684,23.712238],[-99.078631,23.709452],[-99.082857,23.706473],[-99.087824,23.702962],[-99.089075,23.702108],[-99.090887,23.700863],[-99.09581,23.702855],[-99.096176,23.698789],[-99.102362,23.705105],[-99.104746,23.703624],[-99.106906,23.702118],[-99.109226,23.704398],[-99.1095,23.704493],[-99.110975,23.706069],[-99.111284,23.706469],[-99.111608,23.706907],[-99.111617,23.706985],[-99.110201,23.707995],[-99.110313,23.708038],[-99.110355,23.708061],[-99.111258,23.708544],[-99.111078,23.708824],[-99.110645,23.709492],[-99.11011,23.710318],[-99.110083,23.710477],[-99.11042,23.711346],[-99.110628,23.712131],[-99.110658,23.712227],[-99.110498,23.712243],[-99.109823,23.712356],[-99.109673,23.712487],[-99.109897,23.712763],[-99.110397,23.713302],[-99.110504,23.713437],[-99.110838,23.713847],[-99.111227,23.714283],[-99.111566,23.714638],[-99.111529,23.714718],[-99.111537,23.715109],[-99.111549,23.715476],[-99.111567,23.715895],[-99.111552,23.716297],[-99.111546,23.716685],[-99.111555,23.717086],[-99.111547,23.717533],[-99.111549,23.717986],[-99.111524,23.718436],[-99.111531,23.718829],[-99.111541,23.719336],[-99.111542,23.71938],[-99.111287,23.719377],[-99.106559,23.719319],[-99.106482,23.719318],[-99.104118,23.719294],[-99.104024,23.719287],[-99.102779,23.719277],[-99.102389,23.719274],[-99.101842,23.719268],[-99.100151,23.719221],[-99.099697,23.719193],[-99.099327,23.719183],[-99.097971,23.719157],[-99.097838,23.719174],[-99.097753,23.719161],[-99.097585,23.719164],[-99.097048,23.719199],[-99.096621,23.719233],[-99.096021,23.719266],[-99.095272,23.719266],[-99.094256,23.719232],[-99.09409,23.719241],[-99.093992,23.719239],[-99.093579,23.719233],[-99.093587,23.7194],[-99.093588,23.719429],[-99.093533,23.720368],[-99.093516,23.720741],[-99.093509,23.720874],[-99.093468,23.721228],[-99.093312,23.722561],[-99.093145,23.723989],[-99.093107,23.724302],[-99.093109,23.724358],[-99.0931,23.724456],[-99.0926,23.724493],[-99.09018,23.726095],[-99.089071,23.726826],[-99.089008,23.726857],[-99.087706,23.727764],[-99.0876,23.727834],[-99.086424,23.72863],[-99.086166,23.728824],[-99.085117,23.729551],[-99.084696,23.729851],[-99.084062,23.730298],[-99.083227,23.730882],[-99.083039,23.731032],[-99.082314,23.73154],[-99.076883,23.735357],[-99.071967,23.73135],[-99.071343,23.727004],[-99.069112,23.728682],[-99.065113,23.724915]]]}},{"type":"Feature","id":2118,"properties":{"id":1190,"entidad":28,"distrito_f":5,"distrito_l":15,"municipio":41,"seccion":2118,"tipo":2,"control":2265},"geometry":{"type":"Polygon","coordinates":[[[-99.111542,23.71938],[-99.111544,23.719431],[-99.11152,23.719749],[-99.111503,23.720174],[-99.111492,23.720604],[-99.111468,23.721041],[-99.11145,23.722115],[-99.111443,23.722134],[-99.111353,23.722123],[-99.110336,23.722037],[-99.110113,23.722043],[-99.109654,23.722012],[-99.108438,23.721998],[-99.108418,23.722306],[-99.108407,23.722614],[-99.107126,23.722593],[-99.107132,23.722632],[-99.107132,23.722705],[-99.107161,23.722763],[-99.107161,23.722815],[-99.107166,23.722883],[-99.107149,23.723003],[-99.107121,23.723108],[-99.107127,23.723259],[-99.107149,23.723343],[-99.107235,23.723468],[-99.107338,23.723583],[-99.107429,23.723698],[-99.10752,23.723807],[-99.107623,23.723922],[-99.107731,23.724126],[-99.107868,23.724267],[-99.107999,23.724424],[-99.108153,23.724622],[-99.10825,23.724737],[-99.10833,23.724867],[-99.108393,23.724941],[-99.108433,23.725035],[-99.108415,23.725067],[-99.108788,23.725528],[-99.107652,23.726324],[-99.106381,23.727208],[-99.106109,23.727399],[-99.105909,23.727522],[-99.105581,23.727125],[-99.105485,23.727008],[-99.104862,23.725911],[-99.104718,23.725578],[-99.104531,23.72506],[-99.104437,23.72473],[-99.104314,23.724298],[-99.104235,23.723868],[-99.104183,23.72334],[-99.104171,23.723243],[-99.104155,23.723113],[-99.104132,23.720248],[-99.10412,23.719496],[-99.104118,23.719294],[-99.106482,23.719318],[-99.106559,23.719319],[-99.111287,23.719377],[-99.111542,23.71938]]]}},{"type":"Feature","id":2119,"properties":{"id":1191,"entidad":28,"distrito_f":5,"distrito_l":15,"municipio":41,"seccion":2119,"tipo":2,"control":2273},"geometry":{"type":"Polygon","coordinates":[[[-99.132183,23.720381],[-99.131353,23.720356],[-99.13122,23.720242],[-99.131251,23.720174],[-99.131194,23.719859],[-99.13112,23.719607],[-99.130745,23.71967],[-99.130114,23.719777],[-99.129915,23.719796],[-99.129832,23.719787],[-99.127647,23.719735],[-99.12756,23.719733],[-99.126845,23.719698],[-99.126193,23.719631],[-99.125444,23.719624],[-99.125112,23.719619],[-99.124274,23.719607],[-99.124031,23.719603],[-99.122948,23.719586],[-99.122105,23.719573],[-99.121723,23.719567],[-99.121127,23.719558],[-99.120417,23.719544],[-99.117881,23.719474],[-99.11771,23.719472],[-99.117736,23.71932],[-99.117775,23.719291],[-99.119455,23.718096],[-99.119572,23.718013],[-99.120036,23.717711],[-99.120346,23.717525],[-99.120508,23.717409],[-99.120769,23.717233],[-99.121376,23.716814],[-99.121235,23.716215],[-99.121548,23.716172],[-99.121484,23.715603],[-99.121405,23.715117],[-99.122284,23.715017],[-99.122129,23.714899],[-99.12181,23.714562],[-99.121703,23.714462],[-99.12133,23.713994],[-99.121228,23.713942],[-99.121225,23.713918],[-99.121179,23.713759],[-99.120867,23.713538],[-99.121265,23.713231],[-99.12129,23.713151],[-99.123275,23.711634],[-99.123494,23.711814],[-99.123959,23.711463],[-99.124022,23.711415],[-99.124164,23.711308],[-99.12469,23.710913],[-99.124987,23.710694],[-99.125367,23.710414],[-99.125409,23.710257],[-99.126182,23.710899],[-99.126451,23.711123],[-99.127449,23.711973],[-99.127557,23.712051],[-99.12815,23.712554],[-99.128708,23.71304],[-99.12878,23.713096],[-99.129282,23.713498],[-99.12952,23.713687],[-99.129898,23.713991],[-99.131494,23.715356],[-99.131636,23.715491],[-99.1321,23.715917],[-99.132524,23.716285],[-99.132498,23.716527],[-99.132641,23.716843],[-99.132371,23.716804],[-99.132368,23.716845],[-99.132333,23.717765],[-99.132327,23.717797],[-99.13232,23.717962],[-99.132303,23.718234],[-99.1323,23.71828],[-99.132279,23.718638],[-99.132276,23.718688],[-99.132264,23.718881],[-99.132264,23.719],[-99.132211,23.719171],[-99.132199,23.71921],[-99.132187,23.719248],[-99.132186,23.719288],[-99.132186,23.719329],[-99.132232,23.719483],[-99.132183,23.720381]]]}},{"type":"Feature","id":2120,"properties":{"id":1192,"entidad":28,"distrito_f":5,"distrito_l":15,"municipio":41,"seccion":2120,"tipo":3,"control":2271},"geometry":{"type":"Polygon","coordinates":[[[-99.11771,23.719472],[-99.117073,23.719473],[-99.11626,23.719459],[-99.115897,23.719452],[-99.113313,23.719401],[-99.113173,23.719398],[-99.111542,23.71938],[-99.111541,23.719336],[-99.111531,23.718829],[-99.111524,23.718436],[-99.111549,23.717986],[-99.111547,23.717533],[-99.111555,23.717086],[-99.111546,23.716685],[-99.111552,23.716297],[-99.111567,23.715895],[-99.111549,23.715476],[-99.111537,23.715109],[-99.111529,23.714718],[-99.111566,23.714638],[-99.111227,23.714283],[-99.110838,23.713847],[-99.110504,23.713437],[-99.110397,23.713302],[-99.109897,23.712763],[-99.109673,23.712487],[-99.109823,23.712356],[-99.110498,23.712243],[-99.110658,23.712227],[-99.110628,23.712131],[-99.11042,23.711346],[-99.110083,23.710477],[-99.11011,23.710318],[-99.110645,23.709492],[-99.111078,23.708824],[-99.111258,23.708544],[-99.110355,23.708061],[-99.110313,23.708038],[-99.110201,23.707995],[-99.111617,23.706985],[-99.111681,23.706936],[-99.113093,23.705785],[-99.113712,23.706436],[-99.11376,23.706485],[-99.114355,23.707164],[-99.114343,23.707179],[-99.115589,23.708538],[-99.115846,23.708333],[-99.116001,23.708507],[-99.116048,23.708573],[-99.117771,23.710417],[-99.117004,23.711597],[-99.116945,23.711621],[-99.117183,23.711749],[-99.117467,23.711901],[-99.118196,23.712303],[-99.118456,23.711903],[-99.118621,23.711649],[-99.118669,23.711602],[-99.118827,23.711395],[-99.118925,23.711363],[-99.119339,23.711888],[-99.119402,23.711969],[-99.119557,23.712165],[-99.120867,23.713538],[-99.121179,23.713759],[-99.121225,23.713918],[-99.121228,23.713942],[-99.12133,23.713994],[-99.121703,23.714462],[-99.12181,23.714562],[-99.122129,23.714899],[-99.122284,23.715017],[-99.121405,23.715117],[-99.121484,23.715603],[-99.121548,23.716172],[-99.121235,23.716215],[-99.121376,23.716814],[-99.120769,23.717233],[-99.120508,23.717409],[-99.120346,23.717525],[-99.120036,23.717711],[-99.119572,23.718013],[-99.119455,23.718096],[-99.117775,23.719291],[-99.117736,23.71932],[-99.11771,23.719472]]]}},{"type":"Feature","id":2121,"properties":{"id":1193,"entidad":28,"distrito_f":5,"distrito_l":15,"municipio":41,"seccion":2121,"tipo":2,"control":2272},"geometry":{"type":"Polygon","coordinates":[[[-99.116149,23.702454],[-99.116839,23.703059],[-99.117261,23.703415],[-99.117335,23.703477],[-99.117399,23.703532],[-99.117458,23.703582],[-99.120064,23.705779],[-99.120805,23.706404],[-99.120967,23.706541],[-99.122006,23.707417],[-99.122214,23.707592],[-99.122958,23.708219],[-99.125112,23.71001],[-99.125409,23.710257],[-99.125367,23.710414],[-99.124987,23.710694],[-99.12469,23.710913],[-99.124164,23.711308],[-99.124022,23.711415],[-99.123959,23.711463],[-99.123494,23.711814],[-99.123275,23.711634],[-99.12129,23.713151],[-99.121265,23.713231],[-99.120867,23.713538],[-99.119557,23.712165],[-99.119402,23.711969],[-99.119339,23.711888],[-99.118925,23.711363],[-99.118827,23.711395],[-99.118669,23.711602],[-99.118621,23.711649],[-99.118456,23.711903],[-99.118196,23.712303],[-99.117467,23.711901],[-99.117183,23.711749],[-99.116945,23.711621],[-99.117004,23.711597],[-99.117771,23.710417],[-99.116048,23.708573],[-99.116001,23.708507],[-99.115846,23.708333],[-99.115589,23.708538],[-99.114343,23.707179],[-99.114355,23.707164],[-99.11376,23.706485],[-99.113712,23.706436],[-99.113093,23.705785],[-99.111681,23.706936],[-99.111617,23.706985],[-99.111608,23.706907],[-99.111284,23.706469],[-99.110975,23.706069],[-99.116149,23.702454]]]}},{"type":"Feature","id":2257,"properties":{"id":2075,"entidad":28,"distrito_f":5,"distrito_l":14,"municipio":41,"seccion":2257,"tipo":2,"control":2573},"geometry":{"type":"Polygon","coordinates":[[[-99.169142,23.776805],[-99.169228,23.776698],[-99.169383,23.776597],[-99.170633,23.776614],[-99.170951,23.776615],[-99.171077,23.776616],[-99.171616,23.776618],[-99.171286,23.77636],[-99.172268,23.776349],[-99.173172,23.776325],[-99.173172,23.776212],[-99.174128,23.776846],[-99.174781,23.777293],[-99.175199,23.77756],[-99.175635,23.777844],[-99.176063,23.778122],[-99.176154,23.778185],[-99.176135,23.778901],[-99.176849,23.778236],[-99.177135,23.777935],[-99.177294,23.777754],[-99.177588,23.777413],[-99.177583,23.777591],[-99.177589,23.778007],[-99.177586,23.778406],[-99.177563,23.778846],[-99.17755,23.779234],[-99.177551,23.779664],[-99.177552,23.780119],[-99.177564,23.780702],[-99.176164,23.780722],[-99.175312,23.780694],[-99.174795,23.781181],[-99.174722,23.781302],[-99.174676,23.780523],[-99.174846,23.780412],[-99.174281,23.779918],[-99.17388,23.779606],[-99.172612,23.78092],[-99.172591,23.780265],[-99.171659,23.781241],[-99.171451,23.780775],[-99.170636,23.780778],[-99.169252,23.780784],[-99.169242,23.780345],[-99.169234,23.779866],[-99.169263,23.77961],[-99.169265,23.779416],[-99.169254,23.778943],[-99.169244,23.77851],[-99.169222,23.77805],[-99.169214,23.777575],[-99.169208,23.777299],[-99.169201,23.777112],[-99.169188,23.776821],[-99.169142,23.776805]]]}},{"type":"Feature","id":2149,"properties":{"id":1194,"entidad":28,"distrito_f":5,"distrito_l":15,"municipio":41,"seccion":2149,"tipo":2,"control":2407},"geometry":{"type":"Polygon","coordinates":[[[-99.17883,23.729174],[-99.179195,23.728225],[-99.179232,23.728132],[-99.179332,23.727875],[-99.179495,23.727461],[-99.179645,23.72707],[-99.179679,23.72698],[-99.179863,23.726498],[-99.180126,23.725773],[-99.179932,23.725818],[-99.180073,23.725479],[-99.180348,23.724707],[-99.180707,23.723758],[-99.180809,23.723435],[-99.181082,23.722742],[-99.181241,23.722289],[-99.181339,23.722033],[-99.181464,23.721707],[-99.181572,23.721425],[-99.181643,23.72124],[-99.181702,23.721086],[-99.181736,23.721098],[-99.181807,23.721122],[-99.181863,23.721145],[-99.182064,23.721313],[-99.182457,23.721456],[-99.182962,23.721529],[-99.183226,23.72157],[-99.183472,23.72159],[-99.183974,23.721564],[-99.184494,23.721505],[-99.185023,23.721457],[-99.185563,23.721418],[-99.186088,23.721361],[-99.186617,23.721314],[-99.187132,23.721292],[-99.187424,23.721282],[-99.187527,23.721251],[-99.187445,23.72114],[-99.187767,23.72114],[-99.188073,23.721034],[-99.188141,23.72103],[-99.188148,23.721205],[-99.188057,23.72165],[-99.188424,23.721691],[-99.188423,23.721709],[-99.188323,23.722349],[-99.189723,23.722523],[-99.189743,23.722526],[-99.189732,23.72257],[-99.189702,23.722711],[-99.189697,23.722761],[-99.189735,23.722804],[-99.189737,23.722922],[-99.189661,23.7234],[-99.189745,23.723397],[-99.189835,23.723391],[-99.190327,23.723366],[-99.190551,23.723324],[-99.190818,23.723319],[-99.19108,23.723372],[-99.191294,23.723378],[-99.191437,23.723389],[-99.19163,23.723395],[-99.191788,23.723364],[-99.191992,23.72334],[-99.192252,23.723337],[-99.192462,23.723283],[-99.192877,23.723311],[-99.194488,23.723398],[-99.193684,23.730773],[-99.193556,23.731948],[-99.190552,23.73148],[-99.18865,23.731354],[-99.186533,23.731254],[-99.186766,23.730245],[-99.186855,23.729752],[-99.186876,23.729637],[-99.186938,23.729288],[-99.18701,23.728737],[-99.187078,23.728182],[-99.187121,23.727823],[-99.186524,23.727838],[-99.186473,23.727839],[-99.185612,23.727867],[-99.184997,23.727886],[-99.184908,23.727889],[-99.184403,23.727918],[-99.184153,23.727935],[-99.183232,23.727995],[-99.182818,23.728022],[-99.182266,23.728058],[-99.181147,23.728132],[-99.181219,23.729033],[-99.17896,23.729145],[-99.17883,23.729174]]]}},{"type":"Feature","id":2150,"properties":{"id":1195,"entidad":28,"distrito_f":5,"distrito_l":15,"municipio":41,"seccion":2150,"tipo":2,"control":2409},"geometry":{"type":"Polygon","coordinates":[[[-99.178515,23.730049],[-99.178451,23.730049],[-99.178387,23.730049],[-99.17834,23.730049],[-99.176964,23.730123],[-99.175618,23.730188],[-99.174898,23.730222],[-99.174181,23.730256],[-99.173805,23.730273],[-99.173351,23.730293],[-99.173044,23.730307],[-99.1725,23.730332],[-99.172144,23.730362],[-99.171963,23.730378],[-99.171476,23.730398],[-99.17111,23.730406],[-99.170968,23.729493],[-99.170839,23.728728],[-99.170869,23.728604],[-99.170835,23.72811],[-99.17081,23.72803],[-99.17093,23.728021],[-99.171332,23.727993],[-99.171795,23.727957],[-99.172885,23.727906],[-99.17283,23.727346],[-99.172825,23.727298],[-99.172782,23.726792],[-99.172779,23.72676],[-99.172701,23.726158],[-99.172659,23.725576],[-99.172644,23.7252],[-99.172631,23.725017],[-99.172584,23.724463],[-99.172529,23.723842],[-99.172858,23.723822],[-99.173187,23.723802],[-99.174455,23.723758],[-99.174947,23.723708],[-99.17566,23.723663],[-99.175916,23.723647],[-99.176173,23.723631],[-99.176521,23.723609],[-99.176469,23.722765],[-99.176469,23.722026],[-99.177129,23.721304],[-99.177515,23.721609],[-99.177829,23.721869],[-99.177943,23.721878],[-99.178019,23.721885],[-99.178534,23.72188],[-99.178681,23.721894],[-99.178825,23.721946],[-99.179379,23.722123],[-99.179425,23.722132],[-99.179433,23.722167],[-99.179517,23.722511],[-99.179633,23.722969],[-99.179757,23.723479],[-99.180809,23.723435],[-99.180707,23.723758],[-99.180348,23.724707],[-99.180073,23.725479],[-99.179932,23.725818],[-99.180126,23.725773],[-99.179863,23.726498],[-99.179679,23.72698],[-99.179645,23.72707],[-99.179495,23.727461],[-99.179332,23.727875],[-99.179232,23.728132],[-99.179195,23.728225],[-99.17883,23.729174],[-99.178515,23.730049]]]}},{"type":"Feature","id":2253,"properties":{"id":2072,"entidad":28,"distrito_f":5,"distrito_l":14,"municipio":41,"seccion":2253,"tipo":2,"control":2569},"geometry":{"type":"Polygon","coordinates":[[[-99.187576,23.785888],[-99.187616,23.785939],[-99.188936,23.787461],[-99.188292,23.788286],[-99.188215,23.788332],[-99.188035,23.788442],[-99.187584,23.788776],[-99.187356,23.788902],[-99.187134,23.788996],[-99.18694,23.789152],[-99.186307,23.789377],[-99.185896,23.789627],[-99.1854,23.790055],[-99.18524,23.790139],[-99.184995,23.790191],[-99.184898,23.790191],[-99.184835,23.790254],[-99.18459,23.790384],[-99.18423,23.790509],[-99.183751,23.790645],[-99.183357,23.790723],[-99.183164,23.790843],[-99.183009,23.790948],[-99.182861,23.791026],[-99.182639,23.791266],[-99.182348,23.791543],[-99.182017,23.79195],[-99.1818,23.792127],[-99.181447,23.792576],[-99.181315,23.792654],[-99.181002,23.792795],[-99.180939,23.792858],[-99.180876,23.792957],[-99.180756,23.79302],[-99.18042,23.79315],[-99.180243,23.793229],[-99.180043,23.793302],[-99.179764,23.793443],[-99.179604,23.793578],[-99.179518,23.793672],[-99.179245,23.793782],[-99.179062,23.793881],[-99.178925,23.793991],[-99.178783,23.794179],[-99.178475,23.794727],[-99.178235,23.79504],[-99.178035,23.795207],[-99.177933,23.795332],[-99.177784,23.79552],[-99.177659,23.795645],[-99.177357,23.795823],[-99.177271,23.795917],[-99.177106,23.796099],[-99.176917,23.796339],[-99.176809,23.796496],[-99.176735,23.796658],[-99.176695,23.796783],[-99.176615,23.796903],[-99.176472,23.797331],[-99.176597,23.797787],[-99.176428,23.797716],[-99.176136,23.797562],[-99.175629,23.797296],[-99.175161,23.797013],[-99.174633,23.796692],[-99.174271,23.796288],[-99.174536,23.796157],[-99.17287,23.792446],[-99.171303,23.792935],[-99.170974,23.792565],[-99.169297,23.790627],[-99.169241,23.790562],[-99.168908,23.790132],[-99.168641,23.789683],[-99.168456,23.789248],[-99.168308,23.78884],[-99.168211,23.788411],[-99.168151,23.788078],[-99.168098,23.787276],[-99.168046,23.78649],[-99.167982,23.785408],[-99.168865,23.785398],[-99.169234,23.785014],[-99.169765,23.784503],[-99.16997,23.784497],[-99.170428,23.784497],[-99.170747,23.784522],[-99.170873,23.784528],[-99.171483,23.784532],[-99.171296,23.784718],[-99.171183,23.78483],[-99.171188,23.784979],[-99.172567,23.785005],[-99.172554,23.785436],[-99.172567,23.785928],[-99.173691,23.785936],[-99.173699,23.785464],[-99.173684,23.785012],[-99.176181,23.784982],[-99.177158,23.785013],[-99.177562,23.78498],[-99.178994,23.784965],[-99.178934,23.785222],[-99.178886,23.785366],[-99.179178,23.785494],[-99.17965,23.785689],[-99.180198,23.785872],[-99.180515,23.785918],[-99.180622,23.785981],[-99.18086,23.786025],[-99.181179,23.786106],[-99.181586,23.786144],[-99.181789,23.786096],[-99.181914,23.785979],[-99.182058,23.785789],[-99.18221,23.785715],[-99.18249,23.785633],[-99.182814,23.785553],[-99.182886,23.785497],[-99.183186,23.785324],[-99.183377,23.785145],[-99.183599,23.784938],[-99.183672,23.784873],[-99.183933,23.784821],[-99.184351,23.78487],[-99.185506,23.785299],[-99.185804,23.785444],[-99.187091,23.785902],[-99.187374,23.785933],[-99.187576,23.785888]]]}},{"type":"Feature","id":2254,"properties":{"id":2073,"entidad":28,"distrito_f":5,"distrito_l":14,"municipio":41,"seccion":2254,"tipo":2,"control":2570},"geometry":{"type":"Polygon","coordinates":[[[-99.187492,23.781633],[-99.187521,23.781637],[-99.188029,23.781703],[-99.188135,23.781714],[-99.187969,23.783098],[-99.186191,23.784136],[-99.187576,23.785888],[-99.187374,23.785933],[-99.187091,23.785902],[-99.185804,23.785444],[-99.185506,23.785299],[-99.184351,23.78487],[-99.183933,23.784821],[-99.183672,23.784873],[-99.183599,23.784938],[-99.183377,23.785145],[-99.183186,23.785324],[-99.182886,23.785497],[-99.182814,23.785553],[-99.18249,23.785633],[-99.18221,23.785715],[-99.182058,23.785789],[-99.181914,23.785979],[-99.181789,23.786096],[-99.181586,23.786144],[-99.181179,23.786106],[-99.18086,23.786025],[-99.180622,23.785981],[-99.180515,23.785918],[-99.180198,23.785872],[-99.17965,23.785689],[-99.179178,23.785494],[-99.178886,23.785366],[-99.178934,23.785222],[-99.178994,23.784965],[-99.177562,23.78498],[-99.177543,23.784515],[-99.177552,23.784042],[-99.177555,23.78357],[-99.177567,23.783052],[-99.177539,23.782577],[-99.177555,23.782102],[-99.177547,23.781657],[-99.17755,23.781224],[-99.177551,23.781182],[-99.177564,23.780702],[-99.177552,23.780119],[-99.177551,23.779664],[-99.17755,23.779234],[-99.177563,23.778846],[-99.177586,23.778406],[-99.178479,23.778407],[-99.178486,23.778691],[-99.178964,23.778236],[-99.179137,23.778062],[-99.179272,23.778003],[-99.179265,23.778401],[-99.180187,23.778507],[-99.18007,23.779298],[-99.179993,23.779822],[-99.17992,23.780348],[-99.180201,23.780396],[-99.180425,23.780415],[-99.180857,23.780464],[-99.181073,23.780492],[-99.18114,23.780511],[-99.18131,23.780559],[-99.181936,23.78082],[-99.182132,23.780864],[-99.182632,23.780939],[-99.18291,23.780991],[-99.182987,23.78096],[-99.183473,23.781061],[-99.183493,23.781066],[-99.184726,23.781241],[-99.184974,23.781275],[-99.185505,23.781355],[-99.186104,23.781446],[-99.186362,23.781481],[-99.186482,23.781498],[-99.18651,23.781501],[-99.187011,23.781571],[-99.187033,23.781574],[-99.187492,23.781633]]]}},{"type":"Feature","id":2255,"properties":{"id":2074,"entidad":28,"distrito_f":5,"distrito_l":14,"municipio":41,"seccion":2255,"tipo":2,"control":2571},"geometry":{"type":"Polygon","coordinates":[[[-99.169234,23.785014],[-99.169236,23.784494],[-99.169244,23.784084],[-99.169243,23.783613],[-99.169236,23.7832],[-99.169262,23.783105],[-99.169248,23.782646],[-99.169249,23.782122],[-99.169243,23.78168],[-99.169248,23.781243],[-99.169252,23.780784],[-99.170636,23.780778],[-99.171451,23.780775],[-99.171659,23.781241],[-99.172591,23.780265],[-99.172612,23.78092],[-99.17388,23.779606],[-99.174281,23.779918],[-99.174846,23.780412],[-99.174676,23.780523],[-99.174722,23.781302],[-99.174795,23.781181],[-99.175312,23.780694],[-99.176164,23.780722],[-99.177564,23.780702],[-99.177551,23.781182],[-99.17755,23.781224],[-99.177547,23.781657],[-99.177555,23.782102],[-99.177539,23.782577],[-99.177567,23.783052],[-99.177555,23.78357],[-99.177552,23.784042],[-99.177543,23.784515],[-99.177562,23.78498],[-99.177158,23.785013],[-99.176181,23.784982],[-99.173684,23.785012],[-99.173699,23.785464],[-99.173691,23.785936],[-99.172567,23.785928],[-99.172554,23.785436],[-99.172567,23.785005],[-99.171188,23.784979],[-99.171183,23.78483],[-99.171296,23.784718],[-99.171483,23.784532],[-99.170873,23.784528],[-99.170747,23.784522],[-99.170428,23.784497],[-99.16997,23.784497],[-99.169765,23.784503],[-99.169234,23.785014]]]}},{"type":"Feature","id":2259,"properties":{"id":1997,"entidad":28,"distrito_f":5,"distrito_l":14,"municipio":41,"seccion":2259,"tipo":2,"control":2575},"geometry":{"type":"Polygon","coordinates":[[[-99.180628,23.768231],[-99.180687,23.768241],[-99.180347,23.769868],[-99.180181,23.770832],[-99.180175,23.77087],[-99.180067,23.771492],[-99.179862,23.77271],[-99.179769,23.773263],[-99.179721,23.773545],[-99.179557,23.77442],[-99.179505,23.774754],[-99.179404,23.774578],[-99.179272,23.774489],[-99.179137,23.774412],[-99.178701,23.774339],[-99.177536,23.774144],[-99.177382,23.774113],[-99.177443,23.773671],[-99.176417,23.773541],[-99.175288,23.773419],[-99.174319,23.773298],[-99.174127,23.773275],[-99.174034,23.773514],[-99.173924,23.773481],[-99.173813,23.773481],[-99.171146,23.773101],[-99.170852,23.773236],[-99.170464,23.773422],[-99.170401,23.773371],[-99.170163,23.77328],[-99.170068,23.773244],[-99.170277,23.773164],[-99.170535,23.773057],[-99.171124,23.772775],[-99.171368,23.772615],[-99.171613,23.772456],[-99.171804,23.772301],[-99.172275,23.771857],[-99.172606,23.771461],[-99.172691,23.771359],[-99.17295,23.770959],[-99.173131,23.770636],[-99.173282,23.770235],[-99.173427,23.769857],[-99.173467,23.76969],[-99.173488,23.769566],[-99.173522,23.769373],[-99.173548,23.76918],[-99.17357,23.769016],[-99.173585,23.768867],[-99.173596,23.768779],[-99.173598,23.768519],[-99.173594,23.768236],[-99.173592,23.767986],[-99.17358,23.767646],[-99.173566,23.767443],[-99.173564,23.767393],[-99.173554,23.767164],[-99.17362,23.767167],[-99.173835,23.767168],[-99.173893,23.767169],[-99.180628,23.768231]]]}},{"type":"Feature","id":2260,"properties":{"id":2077,"entidad":28,"distrito_f":5,"distrito_l":14,"municipio":41,"seccion":2260,"tipo":2,"control":2576},"geometry":{"type":"Polygon","coordinates":[[[-99.172575,23.751186],[-99.172879,23.751188],[-99.173099,23.751146],[-99.173573,23.751172],[-99.173918,23.7512],[-99.175018,23.751305],[-99.175982,23.751422],[-99.176027,23.751455],[-99.176021,23.751498],[-99.175959,23.751968],[-99.175908,23.752424],[-99.175872,23.752674],[-99.175856,23.75282],[-99.176673,23.752909],[-99.176607,23.753458],[-99.177008,23.753503],[-99.177306,23.751743],[-99.177317,23.751601],[-99.178166,23.751717],[-99.178904,23.751822],[-99.179829,23.75198],[-99.179813,23.752139],[-99.180375,23.752238],[-99.18038,23.752073],[-99.180542,23.752094],[-99.181048,23.752148],[-99.181199,23.752143],[-99.181728,23.752252],[-99.183366,23.75261],[-99.183428,23.752628],[-99.183337,23.75308],[-99.18337,23.753146],[-99.18335,23.753175],[-99.183024,23.755025],[-99.182938,23.755537],[-99.18275,23.755537],[-99.181565,23.755586],[-99.180868,23.755615],[-99.179984,23.755652],[-99.179774,23.755662],[-99.17925,23.755687],[-99.178977,23.755699],[-99.178411,23.755724],[-99.178105,23.755744],[-99.177976,23.755751],[-99.177767,23.755759],[-99.17743,23.755768],[-99.176856,23.755796],[-99.176606,23.755811],[-99.176305,23.755833],[-99.175772,23.755863],[-99.175255,23.755887],[-99.174765,23.755913],[-99.17426,23.755933],[-99.173803,23.755958],[-99.173184,23.755965],[-99.17287,23.755949],[-99.172859,23.755789],[-99.172805,23.754928],[-99.17275,23.754141],[-99.172711,23.75362],[-99.172676,23.753019],[-99.172644,23.75244],[-99.172575,23.751186]]]}},{"type":"Feature","id":2261,"properties":{"id":2194,"entidad":28,"distrito_f":5,"distrito_l":14,"municipio":41,"seccion":2261,"tipo":2,"control":2577},"geometry":{"type":"Polygon","coordinates":[[[-99.172323,23.746172],[-99.1724,23.745969],[-99.172443,23.745852],[-99.172452,23.745828],[-99.172465,23.745793],[-99.172606,23.745409],[-99.172825,23.744854],[-99.172902,23.744652],[-99.173018,23.744345],[-99.173391,23.74336],[-99.173646,23.742652],[-99.173657,23.742623],[-99.173666,23.742597],[-99.173788,23.74226],[-99.173864,23.742089],[-99.174063,23.741559],[-99.174309,23.74085],[-99.174475,23.740418],[-99.174765,23.739643],[-99.174913,23.739269],[-99.175023,23.738982],[-99.175317,23.738224],[-99.175367,23.738087],[-99.175496,23.737734],[-99.175604,23.737443],[-99.175952,23.736507],[-99.176385,23.735298],[-99.176421,23.735301],[-99.17649,23.735307],[-99.176577,23.735315],[-99.176813,23.734654],[-99.176835,23.734649],[-99.176881,23.734632],[-99.176953,23.734606],[-99.177187,23.734556],[-99.17726,23.73454],[-99.177388,23.734553],[-99.179671,23.734416],[-99.179766,23.734389],[-99.180549,23.734353],[-99.180807,23.734362],[-99.181244,23.734249],[-99.181995,23.734153],[-99.182698,23.734153],[-99.182755,23.734127],[-99.18381,23.733925],[-99.185385,23.733747],[-99.185818,23.733522],[-99.185898,23.733479],[-99.186207,23.733477],[-99.186315,23.733575],[-99.186299,23.733734],[-99.186245,23.734276],[-99.186204,23.734684],[-99.190381,23.735133],[-99.191282,23.734982],[-99.1932,23.735212],[-99.192227,23.74413],[-99.192316,23.753344],[-99.192252,23.753335],[-99.190834,23.752973],[-99.190296,23.752889],[-99.189939,23.752854],[-99.189468,23.752761],[-99.18927,23.752703],[-99.188936,23.75263],[-99.188697,23.752557],[-99.188181,23.752461],[-99.187856,23.752391],[-99.187528,23.752359],[-99.187334,23.752403],[-99.187092,23.752535],[-99.186968,23.752588],[-99.186474,23.752744],[-99.186175,23.752853],[-99.185889,23.752973],[-99.18552,23.75305],[-99.185192,23.753147],[-99.185045,23.753253],[-99.184877,23.753309],[-99.184004,23.753196],[-99.18337,23.753146],[-99.183337,23.75308],[-99.183428,23.752628],[-99.183366,23.75261],[-99.181728,23.752252],[-99.181199,23.752143],[-99.181048,23.752148],[-99.180542,23.752094],[-99.18038,23.752073],[-99.180375,23.752238],[-99.179813,23.752139],[-99.179829,23.75198],[-99.178904,23.751822],[-99.178166,23.751717],[-99.177317,23.751601],[-99.177306,23.751743],[-99.177008,23.753503],[-99.176607,23.753458],[-99.176673,23.752909],[-99.175856,23.75282],[-99.175872,23.752674],[-99.175908,23.752424],[-99.175959,23.751968],[-99.176021,23.751498],[-99.176027,23.751455],[-99.175982,23.751422],[-99.175018,23.751305],[-99.173918,23.7512],[-99.173573,23.751172],[-99.173099,23.751146],[-99.172879,23.751188],[-99.172575,23.751186],[-99.172508,23.749957],[-99.172383,23.748262],[-99.17236,23.747846],[-99.172318,23.747081],[-99.17232,23.746882],[-99.172296,23.746571],[-99.172323,23.746172]]]}},{"type":"Feature","id":2262,"properties":{"id":2079,"entidad":28,"distrito_f":5,"distrito_l":14,"municipio":41,"seccion":2262,"tipo":2,"control":2578},"geometry":{"type":"Polygon","coordinates":[[[-99.169002,23.752129],[-99.1686,23.752178],[-99.168395,23.752203],[-99.168081,23.752241],[-99.16751,23.752311],[-99.166125,23.752477],[-99.165325,23.752579],[-99.165038,23.752604],[-99.164431,23.752675],[-99.163885,23.752742],[-99.163424,23.752808],[-99.163118,23.752841],[-99.162912,23.752282],[-99.162869,23.752136],[-99.162762,23.751773],[-99.162655,23.75141],[-99.16264,23.751358],[-99.163591,23.75128],[-99.164033,23.751241],[-99.164932,23.75118],[-99.164963,23.751177],[-99.16496,23.751143],[-99.164874,23.750223],[-99.164761,23.750183],[-99.16456,23.750085],[-99.164525,23.75007],[-99.164534,23.750041],[-99.164658,23.749509],[-99.16475,23.749103],[-99.164872,23.748618],[-99.165058,23.748613],[-99.165347,23.748593],[-99.165502,23.748586],[-99.165895,23.748569],[-99.165889,23.748274],[-99.167125,23.748169],[-99.16709,23.747783],[-99.167088,23.747759],[-99.168303,23.747679],[-99.1683,23.747726],[-99.168298,23.748063],[-99.168259,23.7481],[-99.168914,23.748055],[-99.16912,23.748041],[-99.1691,23.74796],[-99.169166,23.747987],[-99.16984,23.748264],[-99.170307,23.748473],[-99.170746,23.748669],[-99.171303,23.7489],[-99.170957,23.749788],[-99.170711,23.750399],[-99.17062,23.750637],[-99.17053,23.750874],[-99.170312,23.751349],[-99.170289,23.751399],[-99.170246,23.751455],[-99.170068,23.751652],[-99.169732,23.75189],[-99.169494,23.752011],[-99.169209,23.75209],[-99.169002,23.752129]]]}},{"type":"Feature","id":2263,"properties":{"id":2195,"entidad":28,"distrito_f":5,"distrito_l":14,"municipio":41,"seccion":2263,"tipo":2,"control":2579},"geometry":{"type":"Polygon","coordinates":[[[-99.167088,23.747759],[-99.167052,23.747367],[-99.167015,23.746946],[-99.166978,23.746536],[-99.16694,23.746105],[-99.166905,23.745699],[-99.16687,23.745296],[-99.166834,23.744881],[-99.1668,23.74449],[-99.166763,23.744067],[-99.166728,23.743656],[-99.166692,23.743239],[-99.166659,23.742857],[-99.166548,23.742216],[-99.166461,23.741855],[-99.166404,23.741619],[-99.166355,23.741622],[-99.166303,23.74147],[-99.166455,23.741429],[-99.166842,23.741219],[-99.167396,23.740919],[-99.167968,23.740618],[-99.168339,23.740443],[-99.168474,23.740374],[-99.169058,23.740054],[-99.169608,23.739749],[-99.169995,23.73956],[-99.170023,23.739904],[-99.170063,23.740324],[-99.17012,23.740743],[-99.170169,23.741177],[-99.171865,23.741078],[-99.171895,23.741486],[-99.171927,23.741944],[-99.17299,23.741895],[-99.173197,23.741899],[-99.173675,23.742019],[-99.173864,23.742089],[-99.173788,23.74226],[-99.173666,23.742597],[-99.173657,23.742623],[-99.173646,23.742652],[-99.173391,23.74336],[-99.173018,23.744345],[-99.172902,23.744652],[-99.172825,23.744854],[-99.172606,23.745409],[-99.172465,23.745793],[-99.172452,23.745828],[-99.172443,23.745852],[-99.1724,23.745969],[-99.172323,23.746172],[-99.172289,23.746254],[-99.17207,23.746783],[-99.171836,23.747508],[-99.171682,23.747941],[-99.171416,23.748578],[-99.171303,23.7489],[-99.170746,23.748669],[-99.170307,23.748473],[-99.16984,23.748264],[-99.169166,23.747987],[-99.1691,23.74796],[-99.16912,23.748041],[-99.168914,23.748055],[-99.168259,23.7481],[-99.168298,23.748063],[-99.1683,23.747726],[-99.168303,23.747679],[-99.167088,23.747759]]]}},{"type":"Feature","id":2264,"properties":{"id":2078,"entidad":28,"distrito_f":5,"distrito_l":14,"municipio":41,"seccion":2264,"tipo":2,"control":2580},"geometry":{"type":"Polygon","coordinates":[[[-99.172751,23.737203],[-99.174462,23.736652],[-99.17486,23.736505],[-99.175738,23.736181],[-99.175799,23.736139],[-99.175952,23.736507],[-99.175604,23.737443],[-99.175496,23.737734],[-99.175367,23.738087],[-99.175317,23.738224],[-99.175023,23.738982],[-99.174913,23.739269],[-99.174765,23.739643],[-99.174475,23.740418],[-99.174309,23.74085],[-99.174063,23.741559],[-99.173864,23.742089],[-99.173675,23.742019],[-99.173197,23.741899],[-99.17299,23.741895],[-99.171927,23.741944],[-99.171895,23.741486],[-99.171865,23.741078],[-99.170169,23.741177],[-99.17012,23.740743],[-99.170063,23.740324],[-99.170023,23.739904],[-99.169995,23.73956],[-99.170117,23.739501],[-99.170591,23.73927],[-99.170986,23.739071],[-99.171239,23.738954],[-99.171424,23.738863],[-99.171731,23.738714],[-99.171692,23.738371],[-99.171676,23.738224],[-99.171598,23.737547],[-99.17159,23.737474],[-99.171575,23.73734],[-99.17154,23.73703],[-99.171528,23.736833],[-99.171488,23.736575],[-99.171588,23.736553],[-99.17254,23.736337],[-99.172556,23.736405],[-99.172751,23.737203]]]}}]}